timestamp,sigla,tipo_pagina,url,status,detalhes
2026-08-19T10:33:15.642006,UFAC,HOME,https://www.gov.br/studyinbrazil/pt-br/instituicoes_brasileiras/regiao_norte/acre/ufac,SUCCESS,Home criada/atualizada com sucesso
2026-08-19T10:33:16.469190,UFAC,WORKFLOW_PRIVATE_HOME,https://www.gov.br/studyinbrazil/pt-br/instituicoes_brasileiras/regiao_norte/acre/ufac,SUCCESS,Home mantida/definida como privada
2026-08-19T10:33:16.705821,UFAC,SUBPAGE (sobre-nos),https://www.gov.br/studyinbrazil/pt-br/instituicoes_brasileiras/regiao_norte/acre/ufac/sobre-nos,SUCCESS,Subpágina sobre-nos criada/atualizada com sucesso
2026-08-19T10:33:17.288890,UFAC,WORKFLOW_PRIVATE_SUBPAGE (sobre-nos),https://www.gov.br/studyinbrazil/pt-br/instituicoes_brasileiras/regiao_norte/acre/ufac/sobre-nos,SUCCESS,Subpágina sobre-nos mantida/definida como privada
2026-08-19T10:33:19.591998,UFAC,SUBPAGE (vida_na_ies),https://www.gov.br/studyinbrazil/pt-br/instituicoes_brasileiras/regiao_norte/acre/ufac/vida_na_ies,SUCCESS,Subpágina vida_na_ies criada/atualizada com sucesso
2026-08-19T10:33:19.674796,UFAC,WORKFLOW_PRIVATE_SUBPAGE (vida_na_ies),https://www.gov.br/studyinbrazil/pt-br/instituicoes_brasileiras/regiao_norte/acre/ufac/vida_na_ies,SUCCESS,Subpágina vida_na_ies mantida/definida como privada
2026-08-19T10:33:19.880334,UFAC,SUBPAGE (estudantes-internacionais),https://www.gov.br/studyinbrazil/pt-br/instituicoes_brasileiras/regiao_norte/acre/ufac/estudantes-internacionais,SUCCESS,Subpágina estudantes-internacionais criada/atualizada com sucesso
2026-08-19T10:33:20.378111,UFAC,WORKFLOW_PRIVATE_SUBPAGE (estudantes-internacionais),https://www.gov.br/studyinbrazil/pt-br/instituicoes_brasileiras/regiao_norte/acre/ufac/estudantes-internacionais,SUCCESS,Subpágina estudantes-internacionais mantida/definida como privada
2026-08-19T10:33:22.874249,UFAL,HOME,https://www.gov.br/studyinbrazil/pt-br/instituicoes_brasileiras/regiao_nordeste/alagoas/ufal,SUCCESS,Home criada/atualizada com sucesso
2026-08-19T10:33:22.953660,UFAL,WORKFLOW_PRIVATE_HOME,https://www.gov.br/studyinbrazil/pt-br/instituicoes_brasileiras/regiao_nordeste/alagoas/ufal,SUCCESS,Home mantida/definida como privada
2026-08-19T10:34:24.389023,UFAL,SUBPAGE (sobre-nos),https://www.gov.br/studyinbrazil/pt-br/instituicoes_brasileiras/regiao_nordeste/alagoas/ufal/sobre-nos,SUCCESS,Subpágina sobre-nos criada/atualizada com sucesso
2026-08-19T10:34:24.500696,UFAL,WORKFLOW_PRIVATE_SUBPAGE (sobre-nos),https://www.gov.br/studyinbrazil/pt-br/instituicoes_brasileiras/regiao_nordeste/alagoas/ufal/sobre-nos,SUCCESS,Subpágina sobre-nos mantida/definida como privada
2026-08-19T10:34:26.252197,UFAL,SUBPAGE (vida_na_ies),https://www.gov.br/studyinbrazil/pt-br/instituicoes_brasileiras/regiao_nordeste/alagoas/ufal/vida_na_ies,SUCCESS,Subpágina vida_na_ies criada/atualizada com sucesso
2026-08-19T10:34:26.404214,UFAL,WORKFLOW_PRIVATE_SUBPAGE (vida_na_ies),https://www.gov.br/studyinbrazil/pt-br/instituicoes_brasileiras/regiao_nordeste/alagoas/ufal/vida_na_ies,SUCCESS,Subpágina vida_na_ies mantida/definida como privada
2026-08-19T10:35:27.794107,UFAL,SUBPAGE (estudantes-internacionais),https://www.gov.br/studyinbrazil/pt-br/instituicoes_brasileiras/regiao_nordeste/alagoas/ufal/estudantes-internacionais,SUCCESS,Subpágina estudantes-internacionais criada/atualizada com sucesso
2026-08-19T10:35:27.900447,UFAL,WORKFLOW_PRIVATE_SUBPAGE (estudantes-internacionais),https://www.gov.br/studyinbrazil/pt-br/instituicoes_brasileiras/regiao_nordeste/alagoas/ufal/estudantes-internacionais,SUCCESS,Subpágina estudantes-internacionais mantida/definida como privada
2026-08-19T10:35:29.142993,UNIFAP,HOME,https://www.gov.br/studyinbrazil/pt-br/instituicoes_brasileiras/regiao_norte/amapa/unifap,SUCCESS,Home criada/atualizada com sucesso
2026-08-19T10:35:29.909918,UNIFAP,WORKFLOW_PRIVATE_HOME,https://www.gov.br/studyinbrazil/pt-br/instituicoes_brasileiras/regiao_norte/amapa/unifap,SUCCESS,Home mantida/definida como privada
2026-08-19T10:35:30.111587,UNIFAP,SUBPAGE (sobre-nos),https://www.gov.br/studyinbrazil/pt-br/instituicoes_brasileiras/regiao_norte/amapa/unifap/sobre-nos,SUCCESS,Subpágina sobre-nos criada/atualizada com sucesso
2026-08-19T10:35:30.692943,UNIFAP,WORKFLOW_PRIVATE_SUBPAGE (sobre-nos),https://www.gov.br/studyinbrazil/pt-br/instituicoes_brasileiras/regiao_norte/amapa/unifap/sobre-nos,SUCCESS,Subpágina sobre-nos mantida/definida como privada
2026-08-19T10:35:31.865965,UNIFAP,SUBPAGE (vida_na_ies),https://www.gov.br/studyinbrazil/pt-br/instituicoes_brasileiras/regiao_norte/amapa/unifap/vida_na_ies,SUCCESS,Subpágina vida_na_ies criada/atualizada com sucesso
2026-08-19T10:35:31.962180,UNIFAP,WORKFLOW_PRIVATE_SUBPAGE (vida_na_ies),https://www.gov.br/studyinbrazil/pt-br/instituicoes_brasileiras/regiao_norte/amapa/unifap/vida_na_ies,SUCCESS,Subpágina vida_na_ies mantida/definida como privada
2026-08-19T10:35:32.236147,UNIFAP,SUBPAGE (estudantes-internacionais),https://www.gov.br/studyinbrazil/pt-br/instituicoes_brasileiras/regiao_norte/amapa/unifap/estudantes-internacionais,SUCCESS,Subpágina estudantes-internacionais criada/atualizada com sucesso
2026-08-19T10:35:32.700072,UNIFAP,WORKFLOW_PRIVATE_SUBPAGE (estudantes-internacionais),https://www.gov.br/studyinbrazil/pt-br/instituicoes_brasileiras/regiao_norte/amapa/unifap/estudantes-internacionais,SUCCESS,Subpágina estudantes-internacionais mantida/definida como privada
2026-08-19T10:35:33.878378,UFAM,HOME,https://www.gov.br/studyinbrazil/pt-br/instituicoes_brasileiras/regiao_norte/amazonas/ufam,SUCCESS,Home criada/atualizada com sucesso
2026-08-19T10:35:34.608814,UFAM,WORKFLOW_PRIVATE_HOME,https://www.gov.br/studyinbrazil/pt-br/instituicoes_brasileiras/regiao_norte/amazonas/ufam,SUCCESS,Home mantida/definida como privada
2026-08-19T10:35:34.921624,UFAM,SUBPAGE (sobre-nos),https://www.gov.br/studyinbrazil/pt-br/instituicoes_brasileiras/regiao_norte/amazonas/ufam/sobre-nos,SUCCESS,Subpágina sobre-nos criada/atualizada com sucesso
2026-08-19T10:35:35.431745,UFAM,WORKFLOW_PRIVATE_SUBPAGE (sobre-nos),https://www.gov.br/studyinbrazil/pt-br/instituicoes_brasileiras/regiao_norte/amazonas/ufam/sobre-nos,SUCCESS,Subpágina sobre-nos mantida/definida como privada
2026-08-19T10:35:37.192157,UFAM,SUBPAGE (vida_na_ies),https://www.gov.br/studyinbrazil/pt-br/instituicoes_brasileiras/regiao_norte/amazonas/ufam/vida_na_ies,SUCCESS,Subpágina vida_na_ies criada/atualizada com sucesso
2026-08-19T10:35:37.281368,UFAM,WORKFLOW_PRIVATE_SUBPAGE (vida_na_ies),https://www.gov.br/studyinbrazil/pt-br/instituicoes_brasileiras/regiao_norte/amazonas/ufam/vida_na_ies,SUCCESS,Subpágina vida_na_ies mantida/definida como privada
2026-08-19T10:35:37.504493,UFAM,SUBPAGE (estudantes-internacionais),https://www.gov.br/studyinbrazil/pt-br/instituicoes_brasileiras/regiao_norte/amazonas/ufam/estudantes-internacionais,SUCCESS,Subpágina estudantes-internacionais criada/atualizada com sucesso
2026-08-19T10:35:38.056095,UFAM,WORKFLOW_PRIVATE_SUBPAGE (estudantes-internacionais),https://www.gov.br/studyinbrazil/pt-br/instituicoes_brasileiras/regiao_norte/amazonas/ufam/estudantes-internacionais,SUCCESS,Subpágina estudantes-internacionais mantida/definida como privada
2026-08-19T10:35:39.148691,UFBA,HOME,https://www.gov.br/studyinbrazil/pt-br/instituicoes_brasileiras/regiao_nordeste/bahia/ufba,SUCCESS,Home criada/atualizada com sucesso
2026-08-19T10:35:39.897102,UFBA,WORKFLOW_PRIVATE_HOME,https://www.gov.br/studyinbrazil/pt-br/instituicoes_brasileiras/regiao_nordeste/bahia/ufba,SUCCESS,Home mantida/definida como privada
2026-08-19T10:35:40.151413,UFBA,SUBPAGE (sobre-nos),https://www.gov.br/studyinbrazil/pt-br/instituicoes_brasileiras/regiao_nordeste/bahia/ufba/sobre-nos,SUCCESS,Subpágina sobre-nos criada/atualizada com sucesso
2026-08-19T10:35:40.683325,UFBA,WORKFLOW_PRIVATE_SUBPAGE (sobre-nos),https://www.gov.br/studyinbrazil/pt-br/instituicoes_brasileiras/regiao_nordeste/bahia/ufba/sobre-nos,SUCCESS,Subpágina sobre-nos mantida/definida como privada
2026-08-19T10:35:41.919454,UFBA,SUBPAGE (vida_na_ies),https://www.gov.br/studyinbrazil/pt-br/instituicoes_brasileiras/regiao_nordeste/bahia/ufba/vida_na_ies,SUCCESS,Subpágina vida_na_ies criada/atualizada com sucesso
2026-08-19T10:35:42.149193,UFBA,WORKFLOW_PRIVATE_SUBPAGE (vida_na_ies),https://www.gov.br/studyinbrazil/pt-br/instituicoes_brasileiras/regiao_nordeste/bahia/ufba/vida_na_ies,SUCCESS,Subpágina vida_na_ies mantida/definida como privada
2026-08-19T10:35:42.435796,UFBA,SUBPAGE (estudantes-internacionais),https://www.gov.br/studyinbrazil/pt-br/instituicoes_brasileiras/regiao_nordeste/bahia/ufba/estudantes-internacionais,SUCCESS,Subpágina estudantes-internacionais criada/atualizada com sucesso
2026-08-19T10:35:42.909290,UFBA,WORKFLOW_PRIVATE_SUBPAGE (estudantes-internacionais),https://www.gov.br/studyinbrazil/pt-br/instituicoes_brasileiras/regiao_nordeste/bahia/ufba/estudantes-internacionais,SUCCESS,Subpágina estudantes-internacionais mantida/definida como privada
2026-08-19T10:35:42.910255,UFOB,ALL,https://www.gov.br/studyinbrazil/pt-br/instituicoes_brasileiras/regiao_nordeste/bahia/ufob,SKIPPED,Ignorada - IES ajustada/diagramada manualmente
2026-08-19T10:35:43.955973,UFRB,HOME,https://www.gov.br/studyinbrazil/pt-br/instituicoes_brasileiras/regiao_nordeste/bahia/ufrb,SUCCESS,Home criada/atualizada com sucesso
2026-08-19T10:35:44.627603,UFRB,WORKFLOW_PRIVATE_HOME,https://www.gov.br/studyinbrazil/pt-br/instituicoes_brasileiras/regiao_nordeste/bahia/ufrb,SUCCESS,Home mantida/definida como privada
2026-08-19T10:35:44.814719,UFRB,SUBPAGE (sobre-nos),https://www.gov.br/studyinbrazil/pt-br/instituicoes_brasileiras/regiao_nordeste/bahia/ufrb/sobre-nos,SUCCESS,Subpágina sobre-nos criada/atualizada com sucesso
2026-08-19T10:35:45.298116,UFRB,WORKFLOW_PRIVATE_SUBPAGE (sobre-nos),https://www.gov.br/studyinbrazil/pt-br/instituicoes_brasileiras/regiao_nordeste/bahia/ufrb/sobre-nos,SUCCESS,Subpágina sobre-nos mantida/definida como privada
2026-08-19T10:35:46.404728,UFRB,SUBPAGE (vida_na_ies),https://www.gov.br/studyinbrazil/pt-br/instituicoes_brasileiras/regiao_nordeste/bahia/ufrb/vida_na_ies,SUCCESS,Subpágina vida_na_ies criada/atualizada com sucesso
2026-08-19T10:35:46.493919,UFRB,WORKFLOW_PRIVATE_SUBPAGE (vida_na_ies),https://www.gov.br/studyinbrazil/pt-br/instituicoes_brasileiras/regiao_nordeste/bahia/ufrb/vida_na_ies,SUCCESS,Subpágina vida_na_ies mantida/definida como privada
2026-08-19T10:35:46.741417,UFRB,SUBPAGE (estudantes-internacionais),https://www.gov.br/studyinbrazil/pt-br/instituicoes_brasileiras/regiao_nordeste/bahia/ufrb/estudantes-internacionais,SUCCESS,Subpágina estudantes-internacionais criada/atualizada com sucesso
2026-08-19T10:35:47.279839,UFRB,WORKFLOW_PRIVATE_SUBPAGE (estudantes-internacionais),https://www.gov.br/studyinbrazil/pt-br/instituicoes_brasileiras/regiao_nordeste/bahia/ufrb/estudantes-internacionais,SUCCESS,Subpágina estudantes-internacionais mantida/definida como privada
2026-08-19T10:35:48.464749,UFSB,HOME,https://www.gov.br/studyinbrazil/pt-br/instituicoes_brasileiras/regiao_nordeste/bahia/ufsb,SUCCESS,Home criada/atualizada com sucesso
2026-08-19T10:35:49.207366,UFSB,WORKFLOW_PRIVATE_HOME,https://www.gov.br/studyinbrazil/pt-br/instituicoes_brasileiras/regiao_nordeste/bahia/ufsb,SUCCESS,Home mantida/definida como privada
2026-08-19T10:35:49.427181,UFSB,SUBPAGE (sobre-nos),https://www.gov.br/studyinbrazil/pt-br/instituicoes_brasileiras/regiao_nordeste/bahia/ufsb/sobre-nos,SUCCESS,Subpágina sobre-nos criada/atualizada com sucesso
2026-08-19T10:35:49.991504,UFSB,WORKFLOW_PRIVATE_SUBPAGE (sobre-nos),https://www.gov.br/studyinbrazil/pt-br/instituicoes_brasileiras/regiao_nordeste/bahia/ufsb/sobre-nos,SUCCESS,Subpágina sobre-nos mantida/definida como privada
2026-08-19T10:35:51.103798,UFSB,SUBPAGE (vida_na_ies),https://www.gov.br/studyinbrazil/pt-br/instituicoes_brasileiras/regiao_nordeste/bahia/ufsb/vida_na_ies,SUCCESS,Subpágina vida_na_ies criada/atualizada com sucesso
2026-08-19T10:35:51.223806,UFSB,WORKFLOW_PRIVATE_SUBPAGE (vida_na_ies),https://www.gov.br/studyinbrazil/pt-br/instituicoes_brasileiras/regiao_nordeste/bahia/ufsb/vida_na_ies,SUCCESS,Subpágina vida_na_ies mantida/definida como privada
2026-08-19T10:35:51.458157,UFSB,SUBPAGE (estudantes-internacionais),https://www.gov.br/studyinbrazil/pt-br/instituicoes_brasileiras/regiao_nordeste/bahia/ufsb/estudantes-internacionais,SUCCESS,Subpágina estudantes-internacionais criada/atualizada com sucesso
2026-08-19T10:35:51.992378,UFSB,WORKFLOW_PRIVATE_SUBPAGE (estudantes-internacionais),https://www.gov.br/studyinbrazil/pt-br/instituicoes_brasileiras/regiao_nordeste/bahia/ufsb/estudantes-internacionais,SUCCESS,Subpágina estudantes-internacionais mantida/definida como privada
2026-08-19T10:35:53.482022,UFC,HOME,https://www.gov.br/studyinbrazil/pt-br/instituicoes_brasileiras/regiao_nordeste/ceara/ufc,SUCCESS,Home criada/atualizada com sucesso
2026-08-19T10:35:53.569332,UFC,WORKFLOW_PRIVATE_HOME,https://www.gov.br/studyinbrazil/pt-br/instituicoes_brasileiras/regiao_nordeste/ceara/ufc,SUCCESS,Home mantida/definida como privada
2026-08-19T10:35:54.672212,UFC,SUBPAGE (sobre-nos),https://www.gov.br/studyinbrazil/pt-br/instituicoes_brasileiras/regiao_nordeste/ceara/ufc/sobre-nos,SUCCESS,Subpágina sobre-nos criada/atualizada com sucesso
2026-08-19T10:35:54.776436,UFC,WORKFLOW_PRIVATE_SUBPAGE (sobre-nos),https://www.gov.br/studyinbrazil/pt-br/instituicoes_brasileiras/regiao_nordeste/ceara/ufc/sobre-nos,SUCCESS,Subpágina sobre-nos mantida/definida como privada
2026-08-19T10:35:56.016007,UFC,SUBPAGE (vida_na_ies),https://www.gov.br/studyinbrazil/pt-br/instituicoes_brasileiras/regiao_nordeste/ceara/ufc/vida_na_ies,SUCCESS,Subpágina vida_na_ies criada/atualizada com sucesso
2026-08-19T10:35:56.133326,UFC,WORKFLOW_PRIVATE_SUBPAGE (vida_na_ies),https://www.gov.br/studyinbrazil/pt-br/instituicoes_brasileiras/regiao_nordeste/ceara/ufc/vida_na_ies,SUCCESS,Subpágina vida_na_ies mantida/definida como privada
2026-08-19T10:35:57.576286,UFC,SUBPAGE (estudantes-internacionais),https://www.gov.br/studyinbrazil/pt-br/instituicoes_brasileiras/regiao_nordeste/ceara/ufc/estudantes-internacionais,SUCCESS,Subpágina estudantes-internacionais criada/atualizada com sucesso
2026-08-19T10:35:57.658535,UFC,WORKFLOW_PRIVATE_SUBPAGE (estudantes-internacionais),https://www.gov.br/studyinbrazil/pt-br/instituicoes_brasileiras/regiao_nordeste/ceara/ufc/estudantes-internacionais,SUCCESS,Subpágina estudantes-internacionais mantida/definida como privada
2026-08-19T10:35:57.659790,UFCA,ALL,https://www.gov.br/studyinbrazil/pt-br/instituicoes_brasileiras/regiao_nordeste/ceara/ufca,SKIPPED,Ignorada - IES ajustada/diagramada manualmente
2026-08-19T10:35:57.660208,UNILAB,ALL,https://www.gov.br/studyinbrazil/pt-br/instituicoes_brasileiras/regiao_nordeste/ceara/unilab,SKIPPED,Ignorada - IES ajustada/diagramada manualmente
2026-08-19T10:35:59.310739,UnB,HOME,https://www.gov.br/studyinbrazil/pt-br/instituicoes_brasileiras/regiao_centro_oeste/distrito_federal/unb,SUCCESS,Home criada/atualizada com sucesso
2026-08-19T10:36:00.209620,UnB,WORKFLOW_PRIVATE_HOME,https://www.gov.br/studyinbrazil/pt-br/instituicoes_brasileiras/regiao_centro_oeste/distrito_federal/unb,SUCCESS,Home mantida/definida como privada
2026-08-19T10:36:00.457091,UnB,SUBPAGE (sobre-nos),https://www.gov.br/studyinbrazil/pt-br/instituicoes_brasileiras/regiao_centro_oeste/distrito_federal/unb/sobre-nos,SUCCESS,Subpágina sobre-nos criada/atualizada com sucesso
2026-08-19T10:36:01.059843,UnB,WORKFLOW_PRIVATE_SUBPAGE (sobre-nos),https://www.gov.br/studyinbrazil/pt-br/instituicoes_brasileiras/regiao_centro_oeste/distrito_federal/unb/sobre-nos,SUCCESS,Subpágina sobre-nos mantida/definida como privada
2026-08-19T10:36:03.129137,UnB,SUBPAGE (vida_na_ies),https://www.gov.br/studyinbrazil/pt-br/instituicoes_brasileiras/regiao_centro_oeste/distrito_federal/unb/vida_na_ies,SUCCESS,Subpágina vida_na_ies criada/atualizada com sucesso
2026-08-19T10:36:03.212523,UnB,WORKFLOW_PRIVATE_SUBPAGE (vida_na_ies),https://www.gov.br/studyinbrazil/pt-br/instituicoes_brasileiras/regiao_centro_oeste/distrito_federal/unb/vida_na_ies,SUCCESS,Subpágina vida_na_ies mantida/definida como privada
2026-08-19T10:36:03.429073,UnB,SUBPAGE (estudantes-internacionais),https://www.gov.br/studyinbrazil/pt-br/instituicoes_brasileiras/regiao_centro_oeste/distrito_federal/unb/estudantes-internacionais,SUCCESS,Subpágina estudantes-internacionais criada/atualizada com sucesso
2026-08-19T10:36:03.962589,UnB,WORKFLOW_PRIVATE_SUBPAGE (estudantes-internacionais),https://www.gov.br/studyinbrazil/pt-br/instituicoes_brasileiras/regiao_centro_oeste/distrito_federal/unb/estudantes-internacionais,SUCCESS,Subpágina estudantes-internacionais mantida/definida como privada
2026-08-19T10:36:03.963346,UFES,ALL,https://www.gov.br/studyinbrazil/pt-br/instituicoes_brasileiras/regiao_sudeste/espirito_santo/ufes,SKIPPED,Ignorada - IES ajustada/diagramada manualmente
2026-08-19T10:36:05.646697,UFCAT,HOME,https://www.gov.br/studyinbrazil/pt-br/instituicoes_brasileiras/regiao_centro_oeste/goias/ufcat,SUCCESS,Home criada/atualizada com sucesso
2026-08-19T10:36:06.358518,UFCAT,WORKFLOW_PRIVATE_HOME,https://www.gov.br/studyinbrazil/pt-br/instituicoes_brasileiras/regiao_centro_oeste/goias/ufcat,SUCCESS,Home mantida/definida como privada
2026-08-19T10:36:07.548424,UFCAT,SUBPAGE (sobre-nos),https://www.gov.br/studyinbrazil/pt-br/instituicoes_brasileiras/regiao_centro_oeste/goias/ufcat/sobre-nos,SUCCESS,Subpágina sobre-nos criada/atualizada com sucesso
2026-08-19T10:36:07.618942,UFCAT,WORKFLOW_PRIVATE_SUBPAGE (sobre-nos),https://www.gov.br/studyinbrazil/pt-br/instituicoes_brasileiras/regiao_centro_oeste/goias/ufcat/sobre-nos,SUCCESS,Subpágina sobre-nos mantida/definida como privada
2026-08-19T10:36:09.658921,UFCAT,SUBPAGE (vida_na_ies),https://www.gov.br/studyinbrazil/pt-br/instituicoes_brasileiras/regiao_centro_oeste/goias/ufcat/vida_na_ies,SUCCESS,Subpágina vida_na_ies criada/atualizada com sucesso
2026-08-19T10:36:09.761083,UFCAT,WORKFLOW_PRIVATE_SUBPAGE (vida_na_ies),https://www.gov.br/studyinbrazil/pt-br/instituicoes_brasileiras/regiao_centro_oeste/goias/ufcat/vida_na_ies,SUCCESS,Subpágina vida_na_ies mantida/definida como privada
2026-08-19T10:36:09.942057,UFCAT,SUBPAGE (estudantes-internacionais),https://www.gov.br/studyinbrazil/pt-br/instituicoes_brasileiras/regiao_centro_oeste/goias/ufcat/estudantes-internacionais,SUCCESS,Subpágina estudantes-internacionais criada/atualizada com sucesso
2026-08-19T10:36:10.528644,UFCAT,WORKFLOW_PRIVATE_SUBPAGE (estudantes-internacionais),https://www.gov.br/studyinbrazil/pt-br/instituicoes_brasileiras/regiao_centro_oeste/goias/ufcat/estudantes-internacionais,SUCCESS,Subpágina estudantes-internacionais mantida/definida como privada
2026-08-19T10:36:10.529767,UFG,ALL,https://www.gov.br/studyinbrazil/pt-br/instituicoes_brasileiras/regiao_centro_oeste/goias/ufg,SKIPPED,Ignorada - IES ajustada/diagramada manualmente
2026-08-19T10:36:12.819459,UFJ,HOME,https://www.gov.br/studyinbrazil/pt-br/instituicoes_brasileiras/regiao_centro_oeste/goias/ufj,SUCCESS,Home criada/atualizada com sucesso
2026-08-19T10:36:12.915013,UFJ,WORKFLOW_PRIVATE_HOME,https://www.gov.br/studyinbrazil/pt-br/instituicoes_brasileiras/regiao_centro_oeste/goias/ufj,SUCCESS,Home mantida/definida como privada
2026-08-19T10:36:13.995704,UFJ,SUBPAGE (sobre-nos),https://www.gov.br/studyinbrazil/pt-br/instituicoes_brasileiras/regiao_centro_oeste/goias/ufj/sobre-nos,SUCCESS,Subpágina sobre-nos criada/atualizada com sucesso
2026-08-19T10:36:14.142828,UFJ,WORKFLOW_PRIVATE_SUBPAGE (sobre-nos),https://www.gov.br/studyinbrazil/pt-br/instituicoes_brasileiras/regiao_centro_oeste/goias/ufj/sobre-nos,SUCCESS,Subpágina sobre-nos mantida/definida como privada
2026-08-19T10:36:16.186942,UFJ,SUBPAGE (vida_na_ies),https://www.gov.br/studyinbrazil/pt-br/instituicoes_brasileiras/regiao_centro_oeste/goias/ufj/vida_na_ies,SUCCESS,Subpágina vida_na_ies criada/atualizada com sucesso
2026-08-19T10:36:16.299019,UFJ,WORKFLOW_PRIVATE_SUBPAGE (vida_na_ies),https://www.gov.br/studyinbrazil/pt-br/instituicoes_brasileiras/regiao_centro_oeste/goias/ufj/vida_na_ies,SUCCESS,Subpágina vida_na_ies mantida/definida como privada
2026-08-19T10:36:17.591106,UFJ,SUBPAGE (estudantes-internacionais),https://www.gov.br/studyinbrazil/pt-br/instituicoes_brasileiras/regiao_centro_oeste/goias/ufj/estudantes-internacionais,SUCCESS,Subpágina estudantes-internacionais criada/atualizada com sucesso
2026-08-19T10:36:17.680278,UFJ,WORKFLOW_PRIVATE_SUBPAGE (estudantes-internacionais),https://www.gov.br/studyinbrazil/pt-br/instituicoes_brasileiras/regiao_centro_oeste/goias/ufj/estudantes-internacionais,SUCCESS,Subpágina estudantes-internacionais mantida/definida como privada
2026-08-19T10:37:19.580859,UFMA,HOME,https://www.gov.br/studyinbrazil/pt-br/instituicoes_brasileiras/regiao_nordeste/maranhao/ufma,SUCCESS,Home criada/atualizada com sucesso
2026-08-19T10:37:20.380531,UFMA,WORKFLOW_PRIVATE_HOME,https://www.gov.br/studyinbrazil/pt-br/instituicoes_brasileiras/regiao_nordeste/maranhao/ufma,SUCCESS,Home mantida/definida como privada
2026-08-19T10:37:21.527028,UFMA,SUBPAGE (sobre-nos),https://www.gov.br/studyinbrazil/pt-br/instituicoes_brasileiras/regiao_nordeste/maranhao/ufma/sobre-nos,SUCCESS,Subpágina sobre-nos criada/atualizada com sucesso
2026-08-19T10:37:21.628235,UFMA,WORKFLOW_PRIVATE_SUBPAGE (sobre-nos),https://www.gov.br/studyinbrazil/pt-br/instituicoes_brasileiras/regiao_nordeste/maranhao/ufma/sobre-nos,SUCCESS,Subpágina sobre-nos mantida/definida como privada
2026-08-19T10:37:23.782772,UFMA,SUBPAGE (vida_na_ies),https://www.gov.br/studyinbrazil/pt-br/instituicoes_brasileiras/regiao_nordeste/maranhao/ufma/vida_na_ies,SUCCESS,Subpágina vida_na_ies criada/atualizada com sucesso
2026-08-19T10:37:23.882153,UFMA,WORKFLOW_PRIVATE_SUBPAGE (vida_na_ies),https://www.gov.br/studyinbrazil/pt-br/instituicoes_brasileiras/regiao_nordeste/maranhao/ufma/vida_na_ies,SUCCESS,Subpágina vida_na_ies mantida/definida como privada
2026-08-19T10:37:24.094831,UFMA,SUBPAGE (estudantes-internacionais),https://www.gov.br/studyinbrazil/pt-br/instituicoes_brasileiras/regiao_nordeste/maranhao/ufma/estudantes-internacionais,SUCCESS,Subpágina estudantes-internacionais criada/atualizada com sucesso
2026-08-19T10:37:24.602393,UFMA,WORKFLOW_PRIVATE_SUBPAGE (estudantes-internacionais),https://www.gov.br/studyinbrazil/pt-br/instituicoes_brasileiras/regiao_nordeste/maranhao/ufma/estudantes-internacionais,SUCCESS,Subpágina estudantes-internacionais mantida/definida como privada
2026-08-19T10:37:24.603122,UFMT,ALL,https://www.gov.br/studyinbrazil/pt-br/instituicoes_brasileiras/regiao_centro_oeste/mato_grosso/ufmt,SKIPPED,Ignorada - IES ajustada/diagramada manualmente
2026-08-19T10:37:25.906659,UFR,HOME,https://www.gov.br/studyinbrazil/pt-br/instituicoes_brasileiras/regiao_centro_oeste/mato_grosso/ufr,SUCCESS,Home criada/atualizada com sucesso
2026-08-19T10:37:26.713168,UFR,WORKFLOW_PRIVATE_HOME,https://www.gov.br/studyinbrazil/pt-br/instituicoes_brasileiras/regiao_centro_oeste/mato_grosso/ufr,SUCCESS,Home mantida/definida como privada
2026-08-19T10:37:26.915750,UFR,SUBPAGE (sobre-nos),https://www.gov.br/studyinbrazil/pt-br/instituicoes_brasileiras/regiao_centro_oeste/mato_grosso/ufr/sobre-nos,SUCCESS,Subpágina sobre-nos criada/atualizada com sucesso
2026-08-19T10:37:27.383626,UFR,WORKFLOW_PRIVATE_SUBPAGE (sobre-nos),https://www.gov.br/studyinbrazil/pt-br/instituicoes_brasileiras/regiao_centro_oeste/mato_grosso/ufr/sobre-nos,SUCCESS,Subpágina sobre-nos mantida/definida como privada
2026-08-19T10:37:29.218330,UFR,SUBPAGE (vida_na_ies),https://www.gov.br/studyinbrazil/pt-br/instituicoes_brasileiras/regiao_centro_oeste/mato_grosso/ufr/vida_na_ies,SUCCESS,Subpágina vida_na_ies criada/atualizada com sucesso
2026-08-19T10:37:29.295892,UFR,WORKFLOW_PRIVATE_SUBPAGE (vida_na_ies),https://www.gov.br/studyinbrazil/pt-br/instituicoes_brasileiras/regiao_centro_oeste/mato_grosso/ufr/vida_na_ies,SUCCESS,Subpágina vida_na_ies mantida/definida como privada
2026-08-19T10:37:29.491405,UFR,SUBPAGE (estudantes-internacionais),https://www.gov.br/studyinbrazil/pt-br/instituicoes_brasileiras/regiao_centro_oeste/mato_grosso/ufr/estudantes-internacionais,SUCCESS,Subpágina estudantes-internacionais criada/atualizada com sucesso
2026-08-19T10:37:30.003349,UFR,WORKFLOW_PRIVATE_SUBPAGE (estudantes-internacionais),https://www.gov.br/studyinbrazil/pt-br/instituicoes_brasileiras/regiao_centro_oeste/mato_grosso/ufr/estudantes-internacionais,SUCCESS,Subpágina estudantes-internacionais mantida/definida como privada
2026-08-19T10:37:31.201023,UFGD,HOME,https://www.gov.br/studyinbrazil/pt-br/instituicoes_brasileiras/regiao_centro_oeste/mato_grosso_do_sul/ufgd,SUCCESS,Home criada/atualizada com sucesso
2026-08-19T10:37:31.843627,UFGD,WORKFLOW_PRIVATE_HOME,https://www.gov.br/studyinbrazil/pt-br/instituicoes_brasileiras/regiao_centro_oeste/mato_grosso_do_sul/ufgd,SUCCESS,Home mantida/definida como privada
2026-08-19T10:37:32.069874,UFGD,SUBPAGE (sobre-nos),https://www.gov.br/studyinbrazil/pt-br/instituicoes_brasileiras/regiao_centro_oeste/mato_grosso_do_sul/ufgd/sobre-nos,SUCCESS,Subpágina sobre-nos criada/atualizada com sucesso
2026-08-19T10:37:32.554943,UFGD,WORKFLOW_PRIVATE_SUBPAGE (sobre-nos),https://www.gov.br/studyinbrazil/pt-br/instituicoes_brasileiras/regiao_centro_oeste/mato_grosso_do_sul/ufgd/sobre-nos,SUCCESS,Subpágina sobre-nos mantida/definida como privada
2026-08-19T10:37:33.803596,UFGD,SUBPAGE (vida_na_ies),https://www.gov.br/studyinbrazil/pt-br/instituicoes_brasileiras/regiao_centro_oeste/mato_grosso_do_sul/ufgd/vida_na_ies,SUCCESS,Subpágina vida_na_ies criada/atualizada com sucesso
2026-08-19T10:37:33.887350,UFGD,WORKFLOW_PRIVATE_SUBPAGE (vida_na_ies),https://www.gov.br/studyinbrazil/pt-br/instituicoes_brasileiras/regiao_centro_oeste/mato_grosso_do_sul/ufgd/vida_na_ies,SUCCESS,Subpágina vida_na_ies mantida/definida como privada
2026-08-19T10:37:34.082481,UFGD,SUBPAGE (estudantes-internacionais),https://www.gov.br/studyinbrazil/pt-br/instituicoes_brasileiras/regiao_centro_oeste/mato_grosso_do_sul/ufgd/estudantes-internacionais,SUCCESS,Subpágina estudantes-internacionais criada/atualizada com sucesso
2026-08-19T10:37:34.564349,UFGD,WORKFLOW_PRIVATE_SUBPAGE (estudantes-internacionais),https://www.gov.br/studyinbrazil/pt-br/instituicoes_brasileiras/regiao_centro_oeste/mato_grosso_do_sul/ufgd/estudantes-internacionais,SUCCESS,Subpágina estudantes-internacionais mantida/definida como privada
2026-08-19T10:37:35.769036,UFMS,HOME,https://www.gov.br/studyinbrazil/pt-br/instituicoes_brasileiras/regiao_centro_oeste/mato_grosso_do_sul/ufms,SUCCESS,Home criada/atualizada com sucesso
2026-08-19T10:37:36.539065,UFMS,WORKFLOW_PRIVATE_HOME,https://www.gov.br/studyinbrazil/pt-br/instituicoes_brasileiras/regiao_centro_oeste/mato_grosso_do_sul/ufms,SUCCESS,Home mantida/definida como privada
2026-08-19T10:37:36.775471,UFMS,SUBPAGE (sobre-nos),https://www.gov.br/studyinbrazil/pt-br/instituicoes_brasileiras/regiao_centro_oeste/mato_grosso_do_sul/ufms/sobre-nos,SUCCESS,Subpágina sobre-nos criada/atualizada com sucesso
2026-08-19T10:37:37.385003,UFMS,WORKFLOW_PRIVATE_SUBPAGE (sobre-nos),https://www.gov.br/studyinbrazil/pt-br/instituicoes_brasileiras/regiao_centro_oeste/mato_grosso_do_sul/ufms/sobre-nos,SUCCESS,Subpágina sobre-nos mantida/definida como privada
2026-08-19T10:37:39.234601,UFMS,SUBPAGE (vida_na_ies),https://www.gov.br/studyinbrazil/pt-br/instituicoes_brasileiras/regiao_centro_oeste/mato_grosso_do_sul/ufms/vida_na_ies,SUCCESS,Subpágina vida_na_ies criada/atualizada com sucesso
2026-08-19T10:37:39.335454,UFMS,WORKFLOW_PRIVATE_SUBPAGE (vida_na_ies),https://www.gov.br/studyinbrazil/pt-br/instituicoes_brasileiras/regiao_centro_oeste/mato_grosso_do_sul/ufms/vida_na_ies,SUCCESS,Subpágina vida_na_ies mantida/definida como privada
2026-08-19T10:37:39.580062,UFMS,SUBPAGE (estudantes-internacionais),https://www.gov.br/studyinbrazil/pt-br/instituicoes_brasileiras/regiao_centro_oeste/mato_grosso_do_sul/ufms/estudantes-internacionais,SUCCESS,Subpágina estudantes-internacionais criada/atualizada com sucesso
2026-08-19T10:37:40.216983,UFMS,WORKFLOW_PRIVATE_SUBPAGE (estudantes-internacionais),https://www.gov.br/studyinbrazil/pt-br/instituicoes_brasileiras/regiao_centro_oeste/mato_grosso_do_sul/ufms/estudantes-internacionais,SUCCESS,Subpágina estudantes-internacionais mantida/definida como privada
2026-08-19T10:37:41.763548,CEFET_MG,HOME,https://www.gov.br/studyinbrazil/pt-br/instituicoes_brasileiras/regiao_sudeste/minas_gerais/cefet_mg,SUCCESS,Home criada/atualizada com sucesso
2026-08-19T10:37:41.842515,CEFET_MG,WORKFLOW_PRIVATE_HOME,https://www.gov.br/studyinbrazil/pt-br/instituicoes_brasileiras/regiao_sudeste/minas_gerais/cefet_mg,SUCCESS,Home mantida/definida como privada
2026-08-19T10:37:43.206254,CEFET_MG,SUBPAGE (sobre-nos),https://www.gov.br/studyinbrazil/pt-br/instituicoes_brasileiras/regiao_sudeste/minas_gerais/cefet_mg/sobre-nos,SUCCESS,Subpágina sobre-nos criada/atualizada com sucesso
2026-08-19T10:37:43.303652,CEFET_MG,WORKFLOW_PRIVATE_SUBPAGE (sobre-nos),https://www.gov.br/studyinbrazil/pt-br/instituicoes_brasileiras/regiao_sudeste/minas_gerais/cefet_mg/sobre-nos,SUCCESS,Subpágina sobre-nos mantida/definida como privada
2026-08-19T10:37:44.919100,CEFET_MG,SUBPAGE (vida_na_ies),https://www.gov.br/studyinbrazil/pt-br/instituicoes_brasileiras/regiao_sudeste/minas_gerais/cefet_mg/vida_na_ies,SUCCESS,Subpágina vida_na_ies criada/atualizada com sucesso
2026-08-19T10:37:45.070255,CEFET_MG,WORKFLOW_PRIVATE_SUBPAGE (vida_na_ies),https://www.gov.br/studyinbrazil/pt-br/instituicoes_brasileiras/regiao_sudeste/minas_gerais/cefet_mg/vida_na_ies,SUCCESS,Subpágina vida_na_ies mantida/definida como privada
2026-08-19T10:37:46.241213,CEFET_MG,SUBPAGE (estudantes-internacionais),https://www.gov.br/studyinbrazil/pt-br/instituicoes_brasileiras/regiao_sudeste/minas_gerais/cefet_mg/estudantes-internacionais,SUCCESS,Subpágina estudantes-internacionais criada/atualizada com sucesso
2026-08-19T10:37:46.345257,CEFET_MG,WORKFLOW_PRIVATE_SUBPAGE (estudantes-internacionais),https://www.gov.br/studyinbrazil/pt-br/instituicoes_brasileiras/regiao_sudeste/minas_gerais/cefet_mg/estudantes-internacionais,SUCCESS,Subpágina estudantes-internacionais mantida/definida como privada
2026-08-19T10:37:46.345968,UFJF,ALL,https://www.gov.br/studyinbrazil/pt-br/instituicoes_brasileiras/regiao_sudeste/minas_gerais/ufjf,SKIPPED,Ignorada - IES ajustada/diagramada manualmente
2026-08-19T10:37:46.346241,UFLA,ALL,https://www.gov.br/studyinbrazil/pt-br/instituicoes_brasileiras/regiao_sudeste/minas_gerais/ufla,SKIPPED,Ignorada - IES ajustada/diagramada manualmente
2026-08-19T10:37:46.346434,UFMG,ALL,https://www.gov.br/studyinbrazil/pt-br/instituicoes_brasileiras/regiao_sudeste/minas_gerais/ufmg,SKIPPED,Ignorada - IES ajustada/diagramada manualmente
2026-08-19T10:37:46.346619,UFOP,ALL,https://www.gov.br/studyinbrazil/pt-br/instituicoes_brasileiras/regiao_sudeste/minas_gerais/ufop,SKIPPED,Ignorada - IES ajustada/diagramada manualmente
2026-08-19T10:37:47.572886,UFSJ,HOME,https://www.gov.br/studyinbrazil/pt-br/instituicoes_brasileiras/regiao_sudeste/minas_gerais/ufsj,SUCCESS,Home criada/atualizada com sucesso
2026-08-19T10:37:49.071464,UFSJ,WORKFLOW_PRIVATE_HOME,https://www.gov.br/studyinbrazil/pt-br/instituicoes_brasileiras/regiao_sudeste/minas_gerais/ufsj,SUCCESS,Home mantida/definida como privada
2026-08-19T10:37:49.326888,UFSJ,SUBPAGE (sobre-nos),https://www.gov.br/studyinbrazil/pt-br/instituicoes_brasileiras/regiao_sudeste/minas_gerais/ufsj/sobre-nos,SUCCESS,Subpágina sobre-nos criada/atualizada com sucesso
2026-08-19T10:37:49.800380,UFSJ,WORKFLOW_PRIVATE_SUBPAGE (sobre-nos),https://www.gov.br/studyinbrazil/pt-br/instituicoes_brasileiras/regiao_sudeste/minas_gerais/ufsj/sobre-nos,SUCCESS,Subpágina sobre-nos mantida/definida como privada
2026-08-19T10:37:51.508176,UFSJ,SUBPAGE (vida_na_ies),https://www.gov.br/studyinbrazil/pt-br/instituicoes_brasileiras/regiao_sudeste/minas_gerais/ufsj/vida_na_ies,SUCCESS,Subpágina vida_na_ies criada/atualizada com sucesso
2026-08-19T10:37:51.582831,UFSJ,WORKFLOW_PRIVATE_SUBPAGE (vida_na_ies),https://www.gov.br/studyinbrazil/pt-br/instituicoes_brasileiras/regiao_sudeste/minas_gerais/ufsj/vida_na_ies,SUCCESS,Subpágina vida_na_ies mantida/definida como privada
2026-08-19T10:37:51.773822,UFSJ,SUBPAGE (estudantes-internacionais),https://www.gov.br/studyinbrazil/pt-br/instituicoes_brasileiras/regiao_sudeste/minas_gerais/ufsj/estudantes-internacionais,SUCCESS,Subpágina estudantes-internacionais criada/atualizada com sucesso
2026-08-19T10:37:52.277150,UFSJ,WORKFLOW_PRIVATE_SUBPAGE (estudantes-internacionais),https://www.gov.br/studyinbrazil/pt-br/instituicoes_brasileiras/regiao_sudeste/minas_gerais/ufsj/estudantes-internacionais,SUCCESS,Subpágina estudantes-internacionais mantida/definida como privada
2026-08-19T10:37:53.570118,UFTM,HOME,https://www.gov.br/studyinbrazil/pt-br/instituicoes_brasileiras/regiao_sudeste/minas_gerais/uftm,SUCCESS,Home criada/atualizada com sucesso
2026-08-19T10:37:54.286278,UFTM,WORKFLOW_PRIVATE_HOME,https://www.gov.br/studyinbrazil/pt-br/instituicoes_brasileiras/regiao_sudeste/minas_gerais/uftm,SUCCESS,Home mantida/definida como privada
2026-08-19T10:37:54.515123,UFTM,SUBPAGE (sobre-nos),https://www.gov.br/studyinbrazil/pt-br/instituicoes_brasileiras/regiao_sudeste/minas_gerais/uftm/sobre-nos,SUCCESS,Subpágina sobre-nos criada/atualizada com sucesso
2026-08-19T10:37:55.013018,UFTM,WORKFLOW_PRIVATE_SUBPAGE (sobre-nos),https://www.gov.br/studyinbrazil/pt-br/instituicoes_brasileiras/regiao_sudeste/minas_gerais/uftm/sobre-nos,SUCCESS,Subpágina sobre-nos mantida/definida como privada
2026-08-19T10:37:56.214878,UFTM,SUBPAGE (vida_na_ies),https://www.gov.br/studyinbrazil/pt-br/instituicoes_brasileiras/regiao_sudeste/minas_gerais/uftm/vida_na_ies,SUCCESS,Subpágina vida_na_ies criada/atualizada com sucesso
2026-08-19T10:37:56.352544,UFTM,WORKFLOW_PRIVATE_SUBPAGE (vida_na_ies),https://www.gov.br/studyinbrazil/pt-br/instituicoes_brasileiras/regiao_sudeste/minas_gerais/uftm/vida_na_ies,SUCCESS,Subpágina vida_na_ies mantida/definida como privada
2026-08-19T10:37:56.581015,UFTM,SUBPAGE (estudantes-internacionais),https://www.gov.br/studyinbrazil/pt-br/instituicoes_brasileiras/regiao_sudeste/minas_gerais/uftm/estudantes-internacionais,SUCCESS,Subpágina estudantes-internacionais criada/atualizada com sucesso
2026-08-19T10:37:57.151438,UFTM,WORKFLOW_PRIVATE_SUBPAGE (estudantes-internacionais),https://www.gov.br/studyinbrazil/pt-br/instituicoes_brasileiras/regiao_sudeste/minas_gerais/uftm/estudantes-internacionais,SUCCESS,Subpágina estudantes-internacionais mantida/definida como privada
2026-08-19T10:37:58.286223,UFU,HOME,https://www.gov.br/studyinbrazil/pt-br/instituicoes_brasileiras/regiao_sudeste/minas_gerais/ufu,SUCCESS,Home criada/atualizada com sucesso
2026-08-19T10:37:59.059623,UFU,WORKFLOW_PRIVATE_HOME,https://www.gov.br/studyinbrazil/pt-br/instituicoes_brasileiras/regiao_sudeste/minas_gerais/ufu,SUCCESS,Home mantida/definida como privada
2026-08-19T10:37:59.268881,UFU,SUBPAGE (sobre-nos),https://www.gov.br/studyinbrazil/pt-br/instituicoes_brasileiras/regiao_sudeste/minas_gerais/ufu/sobre-nos,SUCCESS,Subpágina sobre-nos criada/atualizada com sucesso
2026-08-19T10:37:59.743064,UFU,WORKFLOW_PRIVATE_SUBPAGE (sobre-nos),https://www.gov.br/studyinbrazil/pt-br/instituicoes_brasileiras/regiao_sudeste/minas_gerais/ufu/sobre-nos,SUCCESS,Subpágina sobre-nos mantida/definida como privada
2026-08-19T10:38:02.025723,UFU,SUBPAGE (vida_na_ies),https://www.gov.br/studyinbrazil/pt-br/instituicoes_brasileiras/regiao_sudeste/minas_gerais/ufu/vida_na_ies,SUCCESS,Subpágina vida_na_ies criada/atualizada com sucesso
2026-08-19T10:38:02.117879,UFU,WORKFLOW_PRIVATE_SUBPAGE (vida_na_ies),https://www.gov.br/studyinbrazil/pt-br/instituicoes_brasileiras/regiao_sudeste/minas_gerais/ufu/vida_na_ies,SUCCESS,Subpágina vida_na_ies mantida/definida como privada
2026-08-19T10:38:02.300523,UFU,SUBPAGE (estudantes-internacionais),https://www.gov.br/studyinbrazil/pt-br/instituicoes_brasileiras/regiao_sudeste/minas_gerais/ufu/estudantes-internacionais,SUCCESS,Subpágina estudantes-internacionais criada/atualizada com sucesso
2026-08-19T10:38:02.953832,UFU,WORKFLOW_PRIVATE_SUBPAGE (estudantes-internacionais),https://www.gov.br/studyinbrazil/pt-br/instituicoes_brasileiras/regiao_sudeste/minas_gerais/ufu/estudantes-internacionais,SUCCESS,Subpágina estudantes-internacionais mantida/definida como privada
2026-08-19T10:38:04.076727,UFV,HOME,https://www.gov.br/studyinbrazil/pt-br/instituicoes_brasileiras/regiao_sudeste/minas_gerais/ufv,SUCCESS,Home criada/atualizada com sucesso
2026-08-19T10:38:05.487660,UFV,WORKFLOW_PRIVATE_HOME,https://www.gov.br/studyinbrazil/pt-br/instituicoes_brasileiras/regiao_sudeste/minas_gerais/ufv,SUCCESS,Home mantida/definida como privada
2026-08-19T10:38:05.828166,UFV,SUBPAGE (sobre-nos),https://www.gov.br/studyinbrazil/pt-br/instituicoes_brasileiras/regiao_sudeste/minas_gerais/ufv/sobre-nos,SUCCESS,Subpágina sobre-nos criada/atualizada com sucesso
2026-08-19T10:38:06.340249,UFV,WORKFLOW_PRIVATE_SUBPAGE (sobre-nos),https://www.gov.br/studyinbrazil/pt-br/instituicoes_brasileiras/regiao_sudeste/minas_gerais/ufv/sobre-nos,SUCCESS,Subpágina sobre-nos mantida/definida como privada
2026-08-19T10:38:07.573024,UFV,SUBPAGE (vida_na_ies),https://www.gov.br/studyinbrazil/pt-br/instituicoes_brasileiras/regiao_sudeste/minas_gerais/ufv/vida_na_ies,SUCCESS,Subpágina vida_na_ies criada/atualizada com sucesso
2026-08-19T10:38:07.655603,UFV,WORKFLOW_PRIVATE_SUBPAGE (vida_na_ies),https://www.gov.br/studyinbrazil/pt-br/instituicoes_brasileiras/regiao_sudeste/minas_gerais/ufv/vida_na_ies,SUCCESS,Subpágina vida_na_ies mantida/definida como privada
2026-08-19T10:38:07.846414,UFV,SUBPAGE (estudantes-internacionais),https://www.gov.br/studyinbrazil/pt-br/instituicoes_brasileiras/regiao_sudeste/minas_gerais/ufv/estudantes-internacionais,SUCCESS,Subpágina estudantes-internacionais criada/atualizada com sucesso
2026-08-19T10:38:08.353693,UFV,WORKFLOW_PRIVATE_SUBPAGE (estudantes-internacionais),https://www.gov.br/studyinbrazil/pt-br/instituicoes_brasileiras/regiao_sudeste/minas_gerais/ufv/estudantes-internacionais,SUCCESS,Subpágina estudantes-internacionais mantida/definida como privada
2026-08-19T10:38:09.512195,UFVJM,HOME,https://www.gov.br/studyinbrazil/pt-br/instituicoes_brasileiras/regiao_sudeste/minas_gerais/ufvjm,SUCCESS,Home criada/atualizada com sucesso
2026-08-19T10:38:10.285330,UFVJM,WORKFLOW_PRIVATE_HOME,https://www.gov.br/studyinbrazil/pt-br/instituicoes_brasileiras/regiao_sudeste/minas_gerais/ufvjm,SUCCESS,Home mantida/definida como privada
2026-08-19T10:38:10.509019,UFVJM,SUBPAGE (sobre-nos),https://www.gov.br/studyinbrazil/pt-br/instituicoes_brasileiras/regiao_sudeste/minas_gerais/ufvjm/sobre-nos,SUCCESS,Subpágina sobre-nos criada/atualizada com sucesso
2026-08-19T10:38:11.019144,UFVJM,WORKFLOW_PRIVATE_SUBPAGE (sobre-nos),https://www.gov.br/studyinbrazil/pt-br/instituicoes_brasileiras/regiao_sudeste/minas_gerais/ufvjm/sobre-nos,SUCCESS,Subpágina sobre-nos mantida/definida como privada
2026-08-19T10:38:12.906653,UFVJM,SUBPAGE (vida_na_ies),https://www.gov.br/studyinbrazil/pt-br/instituicoes_brasileiras/regiao_sudeste/minas_gerais/ufvjm/vida_na_ies,SUCCESS,Subpágina vida_na_ies criada/atualizada com sucesso
2026-08-19T10:38:12.996125,UFVJM,WORKFLOW_PRIVATE_SUBPAGE (vida_na_ies),https://www.gov.br/studyinbrazil/pt-br/instituicoes_brasileiras/regiao_sudeste/minas_gerais/ufvjm/vida_na_ies,SUCCESS,Subpágina vida_na_ies mantida/definida como privada
2026-08-19T10:38:13.215080,UFVJM,SUBPAGE (estudantes-internacionais),https://www.gov.br/studyinbrazil/pt-br/instituicoes_brasileiras/regiao_sudeste/minas_gerais/ufvjm/estudantes-internacionais,SUCCESS,Subpágina estudantes-internacionais criada/atualizada com sucesso
2026-08-19T10:38:13.652972,UFVJM,WORKFLOW_PRIVATE_SUBPAGE (estudantes-internacionais),https://www.gov.br/studyinbrazil/pt-br/instituicoes_brasileiras/regiao_sudeste/minas_gerais/ufvjm/estudantes-internacionais,SUCCESS,Subpágina estudantes-internacionais mantida/definida como privada
2026-08-19T10:38:14.784350,UNIFAL,HOME,https://www.gov.br/studyinbrazil/pt-br/instituicoes_brasileiras/regiao_sudeste/minas_gerais/unifal,SUCCESS,Home criada/atualizada com sucesso
2026-08-19T10:38:15.493426,UNIFAL,WORKFLOW_PRIVATE_HOME,https://www.gov.br/studyinbrazil/pt-br/instituicoes_brasileiras/regiao_sudeste/minas_gerais/unifal,SUCCESS,Home mantida/definida como privada
2026-08-19T10:38:15.701092,UNIFAL,SUBPAGE (sobre-nos),https://www.gov.br/studyinbrazil/pt-br/instituicoes_brasileiras/regiao_sudeste/minas_gerais/unifal/sobre-nos,SUCCESS,Subpágina sobre-nos criada/atualizada com sucesso
2026-08-19T10:38:16.272327,UNIFAL,WORKFLOW_PRIVATE_SUBPAGE (sobre-nos),https://www.gov.br/studyinbrazil/pt-br/instituicoes_brasileiras/regiao_sudeste/minas_gerais/unifal/sobre-nos,SUCCESS,Subpágina sobre-nos mantida/definida como privada
2026-08-19T10:38:17.432256,UNIFAL,SUBPAGE (vida_na_ies),https://www.gov.br/studyinbrazil/pt-br/instituicoes_brasileiras/regiao_sudeste/minas_gerais/unifal/vida_na_ies,SUCCESS,Subpágina vida_na_ies criada/atualizada com sucesso
2026-08-19T10:38:17.575982,UNIFAL,WORKFLOW_PRIVATE_SUBPAGE (vida_na_ies),https://www.gov.br/studyinbrazil/pt-br/instituicoes_brasileiras/regiao_sudeste/minas_gerais/unifal/vida_na_ies,SUCCESS,Subpágina vida_na_ies mantida/definida como privada
2026-08-19T10:38:17.829550,UNIFAL,SUBPAGE (estudantes-internacionais),https://www.gov.br/studyinbrazil/pt-br/instituicoes_brasileiras/regiao_sudeste/minas_gerais/unifal/estudantes-internacionais,SUCCESS,Subpágina estudantes-internacionais criada/atualizada com sucesso
2026-08-19T10:38:18.358739,UNIFAL,WORKFLOW_PRIVATE_SUBPAGE (estudantes-internacionais),https://www.gov.br/studyinbrazil/pt-br/instituicoes_brasileiras/regiao_sudeste/minas_gerais/unifal/estudantes-internacionais,SUCCESS,Subpágina estudantes-internacionais mantida/definida como privada
2026-08-19T10:38:19.772503,UNIFEI,HOME,https://www.gov.br/studyinbrazil/pt-br/instituicoes_brasileiras/regiao_sudeste/minas_gerais/unifei,SUCCESS,Home criada/atualizada com sucesso
2026-08-19T10:38:20.529162,UNIFEI,WORKFLOW_PRIVATE_HOME,https://www.gov.br/studyinbrazil/pt-br/instituicoes_brasileiras/regiao_sudeste/minas_gerais/unifei,SUCCESS,Home mantida/definida como privada
2026-08-19T10:38:20.844909,UNIFEI,SUBPAGE (sobre-nos),https://www.gov.br/studyinbrazil/pt-br/instituicoes_brasileiras/regiao_sudeste/minas_gerais/unifei/sobre-nos,SUCCESS,Subpágina sobre-nos criada/atualizada com sucesso
2026-08-19T10:38:21.379259,UNIFEI,WORKFLOW_PRIVATE_SUBPAGE (sobre-nos),https://www.gov.br/studyinbrazil/pt-br/instituicoes_brasileiras/regiao_sudeste/minas_gerais/unifei/sobre-nos,SUCCESS,Subpágina sobre-nos mantida/definida como privada
2026-08-19T10:38:22.718782,UNIFEI,SUBPAGE (vida_na_ies),https://www.gov.br/studyinbrazil/pt-br/instituicoes_brasileiras/regiao_sudeste/minas_gerais/unifei/vida_na_ies,SUCCESS,Subpágina vida_na_ies criada/atualizada com sucesso
2026-08-19T10:38:22.807080,UNIFEI,WORKFLOW_PRIVATE_SUBPAGE (vida_na_ies),https://www.gov.br/studyinbrazil/pt-br/instituicoes_brasileiras/regiao_sudeste/minas_gerais/unifei/vida_na_ies,SUCCESS,Subpágina vida_na_ies mantida/definida como privada
2026-08-19T10:38:22.993070,UNIFEI,SUBPAGE (estudantes-internacionais),https://www.gov.br/studyinbrazil/pt-br/instituicoes_brasileiras/regiao_sudeste/minas_gerais/unifei/estudantes-internacionais,SUCCESS,Subpágina estudantes-internacionais criada/atualizada com sucesso
2026-08-19T10:38:23.492790,UNIFEI,WORKFLOW_PRIVATE_SUBPAGE (estudantes-internacionais),https://www.gov.br/studyinbrazil/pt-br/instituicoes_brasileiras/regiao_sudeste/minas_gerais/unifei/estudantes-internacionais,SUCCESS,Subpágina estudantes-internacionais mantida/definida como privada
2026-08-19T10:38:23.493797,UFOPA,ALL,https://www.gov.br/studyinbrazil/pt-br/instituicoes_brasileiras/regiao_norte/para/ufopa,SKIPPED,Ignorada - IES ajustada/diagramada manualmente
2026-08-19T10:38:23.494592,UFPA,ALL,https://www.gov.br/studyinbrazil/pt-br/instituicoes_brasileiras/regiao_norte/para/ufpa,SKIPPED,Ignorada - IES ajustada/diagramada manualmente
2026-08-19T10:38:24.903447,UFRA,HOME,https://www.gov.br/studyinbrazil/pt-br/instituicoes_brasileiras/regiao_norte/para/ufra,SUCCESS,Home criada/atualizada com sucesso
2026-08-19T10:38:25.605142,UFRA,WORKFLOW_PRIVATE_HOME,https://www.gov.br/studyinbrazil/pt-br/instituicoes_brasileiras/regiao_norte/para/ufra,SUCCESS,Home mantida/definida como privada
2026-08-19T10:38:25.796162,UFRA,SUBPAGE (sobre-nos),https://www.gov.br/studyinbrazil/pt-br/instituicoes_brasileiras/regiao_norte/para/ufra/sobre-nos,SUCCESS,Subpágina sobre-nos criada/atualizada com sucesso
2026-08-19T10:38:26.323922,UFRA,WORKFLOW_PRIVATE_SUBPAGE (sobre-nos),https://www.gov.br/studyinbrazil/pt-br/instituicoes_brasileiras/regiao_norte/para/ufra/sobre-nos,SUCCESS,Subpágina sobre-nos mantida/definida como privada
2026-08-19T10:38:27.571482,UFRA,SUBPAGE (vida_na_ies),https://www.gov.br/studyinbrazil/pt-br/instituicoes_brasileiras/regiao_norte/para/ufra/vida_na_ies,SUCCESS,Subpágina vida_na_ies criada/atualizada com sucesso
2026-08-19T10:38:27.670447,UFRA,WORKFLOW_PRIVATE_SUBPAGE (vida_na_ies),https://www.gov.br/studyinbrazil/pt-br/instituicoes_brasileiras/regiao_norte/para/ufra/vida_na_ies,SUCCESS,Subpágina vida_na_ies mantida/definida como privada
2026-08-19T10:38:27.900716,UFRA,SUBPAGE (estudantes-internacionais),https://www.gov.br/studyinbrazil/pt-br/instituicoes_brasileiras/regiao_norte/para/ufra/estudantes-internacionais,SUCCESS,Subpágina estudantes-internacionais criada/atualizada com sucesso
2026-08-19T10:38:28.436735,UFRA,WORKFLOW_PRIVATE_SUBPAGE (estudantes-internacionais),https://www.gov.br/studyinbrazil/pt-br/instituicoes_brasileiras/regiao_norte/para/ufra/estudantes-internacionais,SUCCESS,Subpágina estudantes-internacionais mantida/definida como privada
2026-08-19T10:38:29.987658,UNIFESSPA,HOME,https://www.gov.br/studyinbrazil/pt-br/instituicoes_brasileiras/regiao_norte/para/unifesspa,SUCCESS,Home criada/atualizada com sucesso
2026-08-19T10:38:30.766994,UNIFESSPA,WORKFLOW_PRIVATE_HOME,https://www.gov.br/studyinbrazil/pt-br/instituicoes_brasileiras/regiao_norte/para/unifesspa,SUCCESS,Home mantida/definida como privada
2026-08-19T10:38:31.006435,UNIFESSPA,SUBPAGE (sobre-nos),https://www.gov.br/studyinbrazil/pt-br/instituicoes_brasileiras/regiao_norte/para/unifesspa/sobre-nos,SUCCESS,Subpágina sobre-nos criada/atualizada com sucesso
2026-08-19T10:38:31.556274,UNIFESSPA,WORKFLOW_PRIVATE_SUBPAGE (sobre-nos),https://www.gov.br/studyinbrazil/pt-br/instituicoes_brasileiras/regiao_norte/para/unifesspa/sobre-nos,SUCCESS,Subpágina sobre-nos mantida/definida como privada
2026-08-19T10:38:33.532009,UNIFESSPA,SUBPAGE (vida_na_ies),https://www.gov.br/studyinbrazil/pt-br/instituicoes_brasileiras/regiao_norte/para/unifesspa/vida_na_ies,SUCCESS,Subpágina vida_na_ies criada/atualizada com sucesso
2026-08-19T10:38:33.609938,UNIFESSPA,WORKFLOW_PRIVATE_SUBPAGE (vida_na_ies),https://www.gov.br/studyinbrazil/pt-br/instituicoes_brasileiras/regiao_norte/para/unifesspa/vida_na_ies,SUCCESS,Subpágina vida_na_ies mantida/definida como privada
2026-08-19T10:38:33.792235,UNIFESSPA,SUBPAGE (estudantes-internacionais),https://www.gov.br/studyinbrazil/pt-br/instituicoes_brasileiras/regiao_norte/para/unifesspa/estudantes-internacionais,SUCCESS,Subpágina estudantes-internacionais criada/atualizada com sucesso
2026-08-19T10:38:34.367933,UNIFESSPA,WORKFLOW_PRIVATE_SUBPAGE (estudantes-internacionais),https://www.gov.br/studyinbrazil/pt-br/instituicoes_brasileiras/regiao_norte/para/unifesspa/estudantes-internacionais,SUCCESS,Subpágina estudantes-internacionais mantida/definida como privada
2026-08-19T10:38:34.368843,UFCG,ALL,https://www.gov.br/studyinbrazil/pt-br/instituicoes_brasileiras/regiao_nordeste/paraiba/ufcg,SKIPPED,Ignorada - IES ajustada/diagramada manualmente
2026-08-19T10:38:35.795251,UFPB,HOME,https://www.gov.br/studyinbrazil/pt-br/instituicoes_brasileiras/regiao_nordeste/paraiba/ufpb,SUCCESS,Home criada/atualizada com sucesso
2026-08-19T10:38:36.749013,UFPB,WORKFLOW_PRIVATE_HOME,https://www.gov.br/studyinbrazil/pt-br/instituicoes_brasileiras/regiao_nordeste/paraiba/ufpb,SUCCESS,Home mantida/definida como privada
2026-08-19T10:38:37.758839,UFPB,SUBPAGE (sobre-nos),https://www.gov.br/studyinbrazil/pt-br/instituicoes_brasileiras/regiao_nordeste/paraiba/ufpb/sobre-nos,SUCCESS,Subpágina sobre-nos criada/atualizada com sucesso
2026-08-19T10:38:38.314413,UFPB,WORKFLOW_PRIVATE_SUBPAGE (sobre-nos),https://www.gov.br/studyinbrazil/pt-br/instituicoes_brasileiras/regiao_nordeste/paraiba/ufpb/sobre-nos,SUCCESS,Subpágina sobre-nos mantida/definida como privada
2026-08-19T10:38:39.676112,UFPB,SUBPAGE (vida_na_ies),https://www.gov.br/studyinbrazil/pt-br/instituicoes_brasileiras/regiao_nordeste/paraiba/ufpb/vida_na_ies,SUCCESS,Subpágina vida_na_ies criada/atualizada com sucesso
2026-08-19T10:38:39.758078,UFPB,WORKFLOW_PRIVATE_SUBPAGE (vida_na_ies),https://www.gov.br/studyinbrazil/pt-br/instituicoes_brasileiras/regiao_nordeste/paraiba/ufpb/vida_na_ies,SUCCESS,Subpágina vida_na_ies mantida/definida como privada
2026-08-19T10:38:40.830843,UFPB,SUBPAGE (estudantes-internacionais),https://www.gov.br/studyinbrazil/pt-br/instituicoes_brasileiras/regiao_nordeste/paraiba/ufpb/estudantes-internacionais,SUCCESS,Subpágina estudantes-internacionais criada/atualizada com sucesso
2026-08-19T10:38:41.316134,UFPB,WORKFLOW_PRIVATE_SUBPAGE (estudantes-internacionais),https://www.gov.br/studyinbrazil/pt-br/instituicoes_brasileiras/regiao_nordeste/paraiba/ufpb/estudantes-internacionais,SUCCESS,Subpágina estudantes-internacionais mantida/definida como privada
2026-08-19T10:38:42.532862,UFPR,HOME,https://www.gov.br/studyinbrazil/pt-br/instituicoes_brasileiras/regiao_sul/parana/ufpr,SUCCESS,Home criada/atualizada com sucesso
2026-08-19T10:38:43.334413,UFPR,WORKFLOW_PRIVATE_HOME,https://www.gov.br/studyinbrazil/pt-br/instituicoes_brasileiras/regiao_sul/parana/ufpr,SUCCESS,Home mantida/definida como privada
2026-08-19T10:38:43.535695,UFPR,SUBPAGE (sobre-nos),https://www.gov.br/studyinbrazil/pt-br/instituicoes_brasileiras/regiao_sul/parana/ufpr/sobre-nos,SUCCESS,Subpágina sobre-nos criada/atualizada com sucesso
2026-08-19T10:38:44.402210,UFPR,WORKFLOW_PRIVATE_SUBPAGE (sobre-nos),https://www.gov.br/studyinbrazil/pt-br/instituicoes_brasileiras/regiao_sul/parana/ufpr/sobre-nos,SUCCESS,Subpágina sobre-nos mantida/definida como privada
2026-08-19T10:38:46.534057,UFPR,SUBPAGE (vida_na_ies),https://www.gov.br/studyinbrazil/pt-br/instituicoes_brasileiras/regiao_sul/parana/ufpr/vida_na_ies,SUCCESS,Subpágina vida_na_ies criada/atualizada com sucesso
2026-08-19T10:38:46.640069,UFPR,WORKFLOW_PRIVATE_SUBPAGE (vida_na_ies),https://www.gov.br/studyinbrazil/pt-br/instituicoes_brasileiras/regiao_sul/parana/ufpr/vida_na_ies,SUCCESS,Subpágina vida_na_ies mantida/definida como privada
2026-08-19T10:38:46.847873,UFPR,SUBPAGE (estudantes-internacionais),https://www.gov.br/studyinbrazil/pt-br/instituicoes_brasileiras/regiao_sul/parana/ufpr/estudantes-internacionais,SUCCESS,Subpágina estudantes-internacionais criada/atualizada com sucesso
2026-08-19T10:38:47.371976,UFPR,WORKFLOW_PRIVATE_SUBPAGE (estudantes-internacionais),https://www.gov.br/studyinbrazil/pt-br/instituicoes_brasileiras/regiao_sul/parana/ufpr/estudantes-internacionais,SUCCESS,Subpágina estudantes-internacionais mantida/definida como privada
2026-08-19T10:38:48.709496,UNILA,HOME,https://www.gov.br/studyinbrazil/pt-br/instituicoes_brasileiras/regiao_sul/parana/unila,SUCCESS,Home criada/atualizada com sucesso
2026-08-19T10:38:49.445014,UNILA,WORKFLOW_PRIVATE_HOME,https://www.gov.br/studyinbrazil/pt-br/instituicoes_brasileiras/regiao_sul/parana/unila,SUCCESS,Home mantida/definida como privada
2026-08-19T10:38:49.655614,UNILA,SUBPAGE (sobre-nos),https://www.gov.br/studyinbrazil/pt-br/instituicoes_brasileiras/regiao_sul/parana/unila/sobre-nos,SUCCESS,Subpágina sobre-nos criada/atualizada com sucesso
2026-08-19T10:38:50.193175,UNILA,WORKFLOW_PRIVATE_SUBPAGE (sobre-nos),https://www.gov.br/studyinbrazil/pt-br/instituicoes_brasileiras/regiao_sul/parana/unila/sobre-nos,SUCCESS,Subpágina sobre-nos mantida/definida como privada
2026-08-19T10:38:52.068185,UNILA,SUBPAGE (vida_na_ies),https://www.gov.br/studyinbrazil/pt-br/instituicoes_brasileiras/regiao_sul/parana/unila/vida_na_ies,SUCCESS,Subpágina vida_na_ies criada/atualizada com sucesso
2026-08-19T10:38:52.144411,UNILA,WORKFLOW_PRIVATE_SUBPAGE (vida_na_ies),https://www.gov.br/studyinbrazil/pt-br/instituicoes_brasileiras/regiao_sul/parana/unila/vida_na_ies,SUCCESS,Subpágina vida_na_ies mantida/definida como privada
2026-08-19T10:38:52.437109,UNILA,SUBPAGE (estudantes-internacionais),https://www.gov.br/studyinbrazil/pt-br/instituicoes_brasileiras/regiao_sul/parana/unila/estudantes-internacionais,SUCCESS,Subpágina estudantes-internacionais criada/atualizada com sucesso
2026-08-19T10:38:52.923147,UNILA,WORKFLOW_PRIVATE_SUBPAGE (estudantes-internacionais),https://www.gov.br/studyinbrazil/pt-br/instituicoes_brasileiras/regiao_sul/parana/unila/estudantes-internacionais,SUCCESS,Subpágina estudantes-internacionais mantida/definida como privada
2026-08-19T10:38:52.923874,UTFPR,ALL,https://www.gov.br/studyinbrazil/pt-br/instituicoes_brasileiras/regiao_sul/parana/utfpr,SKIPPED,Ignorada - IES ajustada/diagramada manualmente
2026-08-19T10:38:52.924082,UFAPE,ALL,https://www.gov.br/studyinbrazil/pt-br/instituicoes_brasileiras/regiao_nordeste/pernambuco/ufape,SKIPPED,Ignorada - IES ajustada/diagramada manualmente
2026-08-19T10:38:54.052414,UFPE,HOME,https://www.gov.br/studyinbrazil/pt-br/instituicoes_brasileiras/regiao_nordeste/pernambuco/ufpe,SUCCESS,Home criada/atualizada com sucesso
2026-08-19T10:38:55.032801,UFPE,WORKFLOW_PRIVATE_HOME,https://www.gov.br/studyinbrazil/pt-br/instituicoes_brasileiras/regiao_nordeste/pernambuco/ufpe,SUCCESS,Home mantida/definida como privada
2026-08-19T10:38:55.231174,UFPE,SUBPAGE (sobre-nos),https://www.gov.br/studyinbrazil/pt-br/instituicoes_brasileiras/regiao_nordeste/pernambuco/ufpe/sobre-nos,SUCCESS,Subpágina sobre-nos criada/atualizada com sucesso
2026-08-19T10:38:55.796329,UFPE,WORKFLOW_PRIVATE_SUBPAGE (sobre-nos),https://www.gov.br/studyinbrazil/pt-br/instituicoes_brasileiras/regiao_nordeste/pernambuco/ufpe/sobre-nos,SUCCESS,Subpágina sobre-nos mantida/definida como privada
2026-08-19T10:38:56.986735,UFPE,SUBPAGE (vida_na_ies),https://www.gov.br/studyinbrazil/pt-br/instituicoes_brasileiras/regiao_nordeste/pernambuco/ufpe/vida_na_ies,SUCCESS,Subpágina vida_na_ies criada/atualizada com sucesso
2026-08-19T10:38:57.095121,UFPE,WORKFLOW_PRIVATE_SUBPAGE (vida_na_ies),https://www.gov.br/studyinbrazil/pt-br/instituicoes_brasileiras/regiao_nordeste/pernambuco/ufpe/vida_na_ies,SUCCESS,Subpágina vida_na_ies mantida/definida como privada
2026-08-19T10:38:57.329055,UFPE,SUBPAGE (estudantes-internacionais),https://www.gov.br/studyinbrazil/pt-br/instituicoes_brasileiras/regiao_nordeste/pernambuco/ufpe/estudantes-internacionais,SUCCESS,Subpágina estudantes-internacionais criada/atualizada com sucesso
2026-08-19T10:38:57.883142,UFPE,WORKFLOW_PRIVATE_SUBPAGE (estudantes-internacionais),https://www.gov.br/studyinbrazil/pt-br/instituicoes_brasileiras/regiao_nordeste/pernambuco/ufpe/estudantes-internacionais,SUCCESS,Subpágina estudantes-internacionais mantida/definida como privada
2026-08-19T10:38:59.215130,UFRPE,HOME,https://www.gov.br/studyinbrazil/pt-br/instituicoes_brasileiras/regiao_nordeste/pernambuco/ufrpe,SUCCESS,Home criada/atualizada com sucesso
2026-08-19T10:38:59.988884,UFRPE,WORKFLOW_PRIVATE_HOME,https://www.gov.br/studyinbrazil/pt-br/instituicoes_brasileiras/regiao_nordeste/pernambuco/ufrpe,SUCCESS,Home mantida/definida como privada
2026-08-19T10:39:00.218676,UFRPE,SUBPAGE (sobre-nos),https://www.gov.br/studyinbrazil/pt-br/instituicoes_brasileiras/regiao_nordeste/pernambuco/ufrpe/sobre-nos,SUCCESS,Subpágina sobre-nos criada/atualizada com sucesso
2026-08-19T10:39:00.709285,UFRPE,WORKFLOW_PRIVATE_SUBPAGE (sobre-nos),https://www.gov.br/studyinbrazil/pt-br/instituicoes_brasileiras/regiao_nordeste/pernambuco/ufrpe/sobre-nos,SUCCESS,Subpágina sobre-nos mantida/definida como privada
2026-08-19T10:39:02.700368,UFRPE,SUBPAGE (vida_na_ies),https://www.gov.br/studyinbrazil/pt-br/instituicoes_brasileiras/regiao_nordeste/pernambuco/ufrpe/vida_na_ies,SUCCESS,Subpágina vida_na_ies criada/atualizada com sucesso
2026-08-19T10:39:02.773058,UFRPE,WORKFLOW_PRIVATE_SUBPAGE (vida_na_ies),https://www.gov.br/studyinbrazil/pt-br/instituicoes_brasileiras/regiao_nordeste/pernambuco/ufrpe/vida_na_ies,SUCCESS,Subpágina vida_na_ies mantida/definida como privada
2026-08-19T10:39:02.974072,UFRPE,SUBPAGE (estudantes-internacionais),https://www.gov.br/studyinbrazil/pt-br/instituicoes_brasileiras/regiao_nordeste/pernambuco/ufrpe/estudantes-internacionais,SUCCESS,Subpágina estudantes-internacionais criada/atualizada com sucesso
2026-08-19T10:39:03.445516,UFRPE,WORKFLOW_PRIVATE_SUBPAGE (estudantes-internacionais),https://www.gov.br/studyinbrazil/pt-br/instituicoes_brasileiras/regiao_nordeste/pernambuco/ufrpe/estudantes-internacionais,SUCCESS,Subpágina estudantes-internacionais mantida/definida como privada
2026-08-19T10:39:04.631331,UNIVASF,HOME,https://www.gov.br/studyinbrazil/pt-br/instituicoes_brasileiras/regiao_nordeste/pernambuco/univasf,SUCCESS,Home criada/atualizada com sucesso
2026-08-19T10:39:05.348756,UNIVASF,WORKFLOW_PRIVATE_HOME,https://www.gov.br/studyinbrazil/pt-br/instituicoes_brasileiras/regiao_nordeste/pernambuco/univasf,SUCCESS,Home mantida/definida como privada
2026-08-19T10:39:05.570533,UNIVASF,SUBPAGE (sobre-nos),https://www.gov.br/studyinbrazil/pt-br/instituicoes_brasileiras/regiao_nordeste/pernambuco/univasf/sobre-nos,SUCCESS,Subpágina sobre-nos criada/atualizada com sucesso
2026-08-19T10:39:06.087204,UNIVASF,WORKFLOW_PRIVATE_SUBPAGE (sobre-nos),https://www.gov.br/studyinbrazil/pt-br/instituicoes_brasileiras/regiao_nordeste/pernambuco/univasf/sobre-nos,SUCCESS,Subpágina sobre-nos mantida/definida como privada
2026-08-19T10:39:07.322439,UNIVASF,SUBPAGE (vida_na_ies),https://www.gov.br/studyinbrazil/pt-br/instituicoes_brasileiras/regiao_nordeste/pernambuco/univasf/vida_na_ies,SUCCESS,Subpágina vida_na_ies criada/atualizada com sucesso
2026-08-19T10:39:07.395085,UNIVASF,WORKFLOW_PRIVATE_SUBPAGE (vida_na_ies),https://www.gov.br/studyinbrazil/pt-br/instituicoes_brasileiras/regiao_nordeste/pernambuco/univasf/vida_na_ies,SUCCESS,Subpágina vida_na_ies mantida/definida como privada
2026-08-19T10:39:07.602662,UNIVASF,SUBPAGE (estudantes-internacionais),https://www.gov.br/studyinbrazil/pt-br/instituicoes_brasileiras/regiao_nordeste/pernambuco/univasf/estudantes-internacionais,SUCCESS,Subpágina estudantes-internacionais criada/atualizada com sucesso
2026-08-19T10:39:08.130105,UNIVASF,WORKFLOW_PRIVATE_SUBPAGE (estudantes-internacionais),https://www.gov.br/studyinbrazil/pt-br/instituicoes_brasileiras/regiao_nordeste/pernambuco/univasf/estudantes-internacionais,SUCCESS,Subpágina estudantes-internacionais mantida/definida como privada
2026-08-19T10:39:08.131365,UFDPAR,ALL,https://www.gov.br/studyinbrazil/pt-br/instituicoes_brasileiras/regiao_nordeste/piaui/ufdpar,SKIPPED,Ignorada - IES ajustada/diagramada manualmente
2026-08-19T10:39:09.213294,UFPI,HOME,https://www.gov.br/studyinbrazil/pt-br/instituicoes_brasileiras/regiao_nordeste/piaui/ufpi,SUCCESS,Home criada/atualizada com sucesso
2026-08-19T10:39:09.966437,UFPI,WORKFLOW_PRIVATE_HOME,https://www.gov.br/studyinbrazil/pt-br/instituicoes_brasileiras/regiao_nordeste/piaui/ufpi,SUCCESS,Home mantida/definida como privada
2026-08-19T10:39:10.154473,UFPI,SUBPAGE (sobre-nos),https://www.gov.br/studyinbrazil/pt-br/instituicoes_brasileiras/regiao_nordeste/piaui/ufpi/sobre-nos,SUCCESS,Subpágina sobre-nos criada/atualizada com sucesso
2026-08-19T10:39:10.679829,UFPI,WORKFLOW_PRIVATE_SUBPAGE (sobre-nos),https://www.gov.br/studyinbrazil/pt-br/instituicoes_brasileiras/regiao_nordeste/piaui/ufpi/sobre-nos,SUCCESS,Subpágina sobre-nos mantida/definida como privada
2026-08-19T10:39:12.100837,UFPI,SUBPAGE (vida_na_ies),https://www.gov.br/studyinbrazil/pt-br/instituicoes_brasileiras/regiao_nordeste/piaui/ufpi/vida_na_ies,SUCCESS,Subpágina vida_na_ies criada/atualizada com sucesso
2026-08-19T10:39:12.185870,UFPI,WORKFLOW_PRIVATE_SUBPAGE (vida_na_ies),https://www.gov.br/studyinbrazil/pt-br/instituicoes_brasileiras/regiao_nordeste/piaui/ufpi/vida_na_ies,SUCCESS,Subpágina vida_na_ies mantida/definida como privada
2026-08-19T10:39:12.404406,UFPI,SUBPAGE (estudantes-internacionais),https://www.gov.br/studyinbrazil/pt-br/instituicoes_brasileiras/regiao_nordeste/piaui/ufpi/estudantes-internacionais,SUCCESS,Subpágina estudantes-internacionais criada/atualizada com sucesso
2026-08-19T10:39:12.929284,UFPI,WORKFLOW_PRIVATE_SUBPAGE (estudantes-internacionais),https://www.gov.br/studyinbrazil/pt-br/instituicoes_brasileiras/regiao_nordeste/piaui/ufpi/estudantes-internacionais,SUCCESS,Subpágina estudantes-internacionais mantida/definida como privada
2026-08-19T10:39:14.127580,CEFET_RJ,HOME,https://www.gov.br/studyinbrazil/pt-br/instituicoes_brasileiras/regiao_sudeste/rio_de_janeiro/cefet_rj,SUCCESS,Home criada/atualizada com sucesso
2026-08-19T10:39:14.924197,CEFET_RJ,WORKFLOW_PRIVATE_HOME,https://www.gov.br/studyinbrazil/pt-br/instituicoes_brasileiras/regiao_sudeste/rio_de_janeiro/cefet_rj,SUCCESS,Home mantida/definida como privada
2026-08-19T10:39:15.127437,CEFET_RJ,SUBPAGE (sobre-nos),https://www.gov.br/studyinbrazil/pt-br/instituicoes_brasileiras/regiao_sudeste/rio_de_janeiro/cefet_rj/sobre-nos,SUCCESS,Subpágina sobre-nos criada/atualizada com sucesso
2026-08-19T10:39:15.653924,CEFET_RJ,WORKFLOW_PRIVATE_SUBPAGE (sobre-nos),https://www.gov.br/studyinbrazil/pt-br/instituicoes_brasileiras/regiao_sudeste/rio_de_janeiro/cefet_rj/sobre-nos,SUCCESS,Subpágina sobre-nos mantida/definida como privada
2026-08-19T10:39:16.783818,CEFET_RJ,SUBPAGE (vida_na_ies),https://www.gov.br/studyinbrazil/pt-br/instituicoes_brasileiras/regiao_sudeste/rio_de_janeiro/cefet_rj/vida_na_ies,SUCCESS,Subpágina vida_na_ies criada/atualizada com sucesso
2026-08-19T10:39:16.867908,CEFET_RJ,WORKFLOW_PRIVATE_SUBPAGE (vida_na_ies),https://www.gov.br/studyinbrazil/pt-br/instituicoes_brasileiras/regiao_sudeste/rio_de_janeiro/cefet_rj/vida_na_ies,SUCCESS,Subpágina vida_na_ies mantida/definida como privada
2026-08-19T10:39:17.182519,CEFET_RJ,SUBPAGE (estudantes-internacionais),https://www.gov.br/studyinbrazil/pt-br/instituicoes_brasileiras/regiao_sudeste/rio_de_janeiro/cefet_rj/estudantes-internacionais,SUCCESS,Subpágina estudantes-internacionais criada/atualizada com sucesso
2026-08-19T10:39:17.736851,CEFET_RJ,WORKFLOW_PRIVATE_SUBPAGE (estudantes-internacionais),https://www.gov.br/studyinbrazil/pt-br/instituicoes_brasileiras/regiao_sudeste/rio_de_janeiro/cefet_rj/estudantes-internacionais,SUCCESS,Subpágina estudantes-internacionais mantida/definida como privada
2026-08-19T10:39:18.963799,UFF,HOME,https://www.gov.br/studyinbrazil/pt-br/instituicoes_brasileiras/regiao_sudeste/rio_de_janeiro/uff,SUCCESS,Home criada/atualizada com sucesso
2026-08-19T10:39:19.641314,UFF,WORKFLOW_PRIVATE_HOME,https://www.gov.br/studyinbrazil/pt-br/instituicoes_brasileiras/regiao_sudeste/rio_de_janeiro/uff,SUCCESS,Home mantida/definida como privada
2026-08-19T10:39:19.835253,UFF,SUBPAGE (sobre-nos),https://www.gov.br/studyinbrazil/pt-br/instituicoes_brasileiras/regiao_sudeste/rio_de_janeiro/uff/sobre-nos,SUCCESS,Subpágina sobre-nos criada/atualizada com sucesso
2026-08-19T10:39:20.297587,UFF,WORKFLOW_PRIVATE_SUBPAGE (sobre-nos),https://www.gov.br/studyinbrazil/pt-br/instituicoes_brasileiras/regiao_sudeste/rio_de_janeiro/uff/sobre-nos,SUCCESS,Subpágina sobre-nos mantida/definida como privada
2026-08-19T10:39:21.425251,UFF,SUBPAGE (vida_na_ies),https://www.gov.br/studyinbrazil/pt-br/instituicoes_brasileiras/regiao_sudeste/rio_de_janeiro/uff/vida_na_ies,SUCCESS,Subpágina vida_na_ies criada/atualizada com sucesso
2026-08-19T10:39:21.511390,UFF,WORKFLOW_PRIVATE_SUBPAGE (vida_na_ies),https://www.gov.br/studyinbrazil/pt-br/instituicoes_brasileiras/regiao_sudeste/rio_de_janeiro/uff/vida_na_ies,SUCCESS,Subpágina vida_na_ies mantida/definida como privada
2026-08-19T10:39:21.721194,UFF,SUBPAGE (estudantes-internacionais),https://www.gov.br/studyinbrazil/pt-br/instituicoes_brasileiras/regiao_sudeste/rio_de_janeiro/uff/estudantes-internacionais,SUCCESS,Subpágina estudantes-internacionais criada/atualizada com sucesso
2026-08-19T10:39:22.255177,UFF,WORKFLOW_PRIVATE_SUBPAGE (estudantes-internacionais),https://www.gov.br/studyinbrazil/pt-br/instituicoes_brasileiras/regiao_sudeste/rio_de_janeiro/uff/estudantes-internacionais,SUCCESS,Subpágina estudantes-internacionais mantida/definida como privada
2026-08-19T10:39:23.925475,UFRJ,HOME,https://www.gov.br/studyinbrazil/pt-br/instituicoes_brasileiras/regiao_sudeste/rio_de_janeiro/ufrj,SUCCESS,Home criada/atualizada com sucesso
2026-08-19T10:39:24.682477,UFRJ,WORKFLOW_PRIVATE_HOME,https://www.gov.br/studyinbrazil/pt-br/instituicoes_brasileiras/regiao_sudeste/rio_de_janeiro/ufrj,SUCCESS,Home mantida/definida como privada
2026-08-19T10:39:24.879617,UFRJ,SUBPAGE (sobre-nos),https://www.gov.br/studyinbrazil/pt-br/instituicoes_brasileiras/regiao_sudeste/rio_de_janeiro/ufrj/sobre-nos,SUCCESS,Subpágina sobre-nos criada/atualizada com sucesso
2026-08-19T10:39:25.364862,UFRJ,WORKFLOW_PRIVATE_SUBPAGE (sobre-nos),https://www.gov.br/studyinbrazil/pt-br/instituicoes_brasileiras/regiao_sudeste/rio_de_janeiro/ufrj/sobre-nos,SUCCESS,Subpágina sobre-nos mantida/definida como privada
2026-08-19T10:39:27.354828,UFRJ,SUBPAGE (vida_na_ies),https://www.gov.br/studyinbrazil/pt-br/instituicoes_brasileiras/regiao_sudeste/rio_de_janeiro/ufrj/vida_na_ies,SUCCESS,Subpágina vida_na_ies criada/atualizada com sucesso
2026-08-19T10:39:27.442452,UFRJ,WORKFLOW_PRIVATE_SUBPAGE (vida_na_ies),https://www.gov.br/studyinbrazil/pt-br/instituicoes_brasileiras/regiao_sudeste/rio_de_janeiro/ufrj/vida_na_ies,SUCCESS,Subpágina vida_na_ies mantida/definida como privada
2026-08-19T10:39:27.678560,UFRJ,SUBPAGE (estudantes-internacionais),https://www.gov.br/studyinbrazil/pt-br/instituicoes_brasileiras/regiao_sudeste/rio_de_janeiro/ufrj/estudantes-internacionais,SUCCESS,Subpágina estudantes-internacionais criada/atualizada com sucesso
2026-08-19T10:39:28.208063,UFRJ,WORKFLOW_PRIVATE_SUBPAGE (estudantes-internacionais),https://www.gov.br/studyinbrazil/pt-br/instituicoes_brasileiras/regiao_sudeste/rio_de_janeiro/ufrj/estudantes-internacionais,SUCCESS,Subpágina estudantes-internacionais mantida/definida como privada
2026-08-19T10:39:29.625813,UFRRJ,HOME,https://www.gov.br/studyinbrazil/pt-br/instituicoes_brasileiras/regiao_sudeste/rio_de_janeiro/ufrrj,SUCCESS,Home criada/atualizada com sucesso
2026-08-19T10:39:30.455386,UFRRJ,WORKFLOW_PRIVATE_HOME,https://www.gov.br/studyinbrazil/pt-br/instituicoes_brasileiras/regiao_sudeste/rio_de_janeiro/ufrrj,SUCCESS,Home mantida/definida como privada
2026-08-19T10:39:30.645191,UFRRJ,SUBPAGE (sobre-nos),https://www.gov.br/studyinbrazil/pt-br/instituicoes_brasileiras/regiao_sudeste/rio_de_janeiro/ufrrj/sobre-nos,SUCCESS,Subpágina sobre-nos criada/atualizada com sucesso
2026-08-19T10:39:31.757676,UFRRJ,WORKFLOW_PRIVATE_SUBPAGE (sobre-nos),https://www.gov.br/studyinbrazil/pt-br/instituicoes_brasileiras/regiao_sudeste/rio_de_janeiro/ufrrj/sobre-nos,SUCCESS,Subpágina sobre-nos mantida/definida como privada
2026-08-19T10:39:33.864945,UFRRJ,SUBPAGE (vida_na_ies),https://www.gov.br/studyinbrazil/pt-br/instituicoes_brasileiras/regiao_sudeste/rio_de_janeiro/ufrrj/vida_na_ies,SUCCESS,Subpágina vida_na_ies criada/atualizada com sucesso
2026-08-19T10:39:33.970698,UFRRJ,WORKFLOW_PRIVATE_SUBPAGE (vida_na_ies),https://www.gov.br/studyinbrazil/pt-br/instituicoes_brasileiras/regiao_sudeste/rio_de_janeiro/ufrrj/vida_na_ies,SUCCESS,Subpágina vida_na_ies mantida/definida como privada
2026-08-19T10:39:34.202392,UFRRJ,SUBPAGE (estudantes-internacionais),https://www.gov.br/studyinbrazil/pt-br/instituicoes_brasileiras/regiao_sudeste/rio_de_janeiro/ufrrj/estudantes-internacionais,SUCCESS,Subpágina estudantes-internacionais criada/atualizada com sucesso
2026-08-19T10:39:34.785447,UFRRJ,WORKFLOW_PRIVATE_SUBPAGE (estudantes-internacionais),https://www.gov.br/studyinbrazil/pt-br/instituicoes_brasileiras/regiao_sudeste/rio_de_janeiro/ufrrj/estudantes-internacionais,SUCCESS,Subpágina estudantes-internacionais mantida/definida como privada
2026-08-19T10:39:35.944087,UNIRIO,HOME,https://www.gov.br/studyinbrazil/pt-br/instituicoes_brasileiras/regiao_sudeste/rio_de_janeiro/unirio,SUCCESS,Home criada/atualizada com sucesso
2026-08-19T10:39:36.748515,UNIRIO,WORKFLOW_PRIVATE_HOME,https://www.gov.br/studyinbrazil/pt-br/instituicoes_brasileiras/regiao_sudeste/rio_de_janeiro/unirio,SUCCESS,Home mantida/definida como privada
2026-08-19T10:39:36.936773,UNIRIO,SUBPAGE (sobre-nos),https://www.gov.br/studyinbrazil/pt-br/instituicoes_brasileiras/regiao_sudeste/rio_de_janeiro/unirio/sobre-nos,SUCCESS,Subpágina sobre-nos criada/atualizada com sucesso
2026-08-19T10:39:37.522456,UNIRIO,WORKFLOW_PRIVATE_SUBPAGE (sobre-nos),https://www.gov.br/studyinbrazil/pt-br/instituicoes_brasileiras/regiao_sudeste/rio_de_janeiro/unirio/sobre-nos,SUCCESS,Subpágina sobre-nos mantida/definida como privada
2026-08-19T10:39:39.415097,UNIRIO,SUBPAGE (vida_na_ies),https://www.gov.br/studyinbrazil/pt-br/instituicoes_brasileiras/regiao_sudeste/rio_de_janeiro/unirio/vida_na_ies,SUCCESS,Subpágina vida_na_ies criada/atualizada com sucesso
2026-08-19T10:39:39.522165,UNIRIO,WORKFLOW_PRIVATE_SUBPAGE (vida_na_ies),https://www.gov.br/studyinbrazil/pt-br/instituicoes_brasileiras/regiao_sudeste/rio_de_janeiro/unirio/vida_na_ies,SUCCESS,Subpágina vida_na_ies mantida/definida como privada
2026-08-19T10:39:39.736494,UNIRIO,SUBPAGE (estudantes-internacionais),https://www.gov.br/studyinbrazil/pt-br/instituicoes_brasileiras/regiao_sudeste/rio_de_janeiro/unirio/estudantes-internacionais,SUCCESS,Subpágina estudantes-internacionais criada/atualizada com sucesso
2026-08-19T10:39:40.284968,UNIRIO,WORKFLOW_PRIVATE_SUBPAGE (estudantes-internacionais),https://www.gov.br/studyinbrazil/pt-br/instituicoes_brasileiras/regiao_sudeste/rio_de_janeiro/unirio/estudantes-internacionais,SUCCESS,Subpágina estudantes-internacionais mantida/definida como privada
2026-08-19T10:39:41.521039,UFERSA,HOME,https://www.gov.br/studyinbrazil/pt-br/instituicoes_brasileiras/regiao_nordeste/rio_grande_do_norte/ufersa,SUCCESS,Home criada/atualizada com sucesso
2026-08-19T10:39:42.357755,UFERSA,WORKFLOW_PRIVATE_HOME,https://www.gov.br/studyinbrazil/pt-br/instituicoes_brasileiras/regiao_nordeste/rio_grande_do_norte/ufersa,SUCCESS,Home mantida/definida como privada
2026-08-19T10:39:42.623883,UFERSA,SUBPAGE (sobre-nos),https://www.gov.br/studyinbrazil/pt-br/instituicoes_brasileiras/regiao_nordeste/rio_grande_do_norte/ufersa/sobre-nos,SUCCESS,Subpágina sobre-nos criada/atualizada com sucesso
2026-08-19T10:39:43.195827,UFERSA,WORKFLOW_PRIVATE_SUBPAGE (sobre-nos),https://www.gov.br/studyinbrazil/pt-br/instituicoes_brasileiras/regiao_nordeste/rio_grande_do_norte/ufersa/sobre-nos,SUCCESS,Subpágina sobre-nos mantida/definida como privada
2026-08-19T10:39:45.209604,UFERSA,SUBPAGE (vida_na_ies),https://www.gov.br/studyinbrazil/pt-br/instituicoes_brasileiras/regiao_nordeste/rio_grande_do_norte/ufersa/vida_na_ies,SUCCESS,Subpágina vida_na_ies criada/atualizada com sucesso
2026-08-19T10:39:45.359799,UFERSA,WORKFLOW_PRIVATE_SUBPAGE (vida_na_ies),https://www.gov.br/studyinbrazil/pt-br/instituicoes_brasileiras/regiao_nordeste/rio_grande_do_norte/ufersa/vida_na_ies,SUCCESS,Subpágina vida_na_ies mantida/definida como privada
2026-08-19T10:39:45.555075,UFERSA,SUBPAGE (estudantes-internacionais),https://www.gov.br/studyinbrazil/pt-br/instituicoes_brasileiras/regiao_nordeste/rio_grande_do_norte/ufersa/estudantes-internacionais,SUCCESS,Subpágina estudantes-internacionais criada/atualizada com sucesso
2026-08-19T10:39:46.065651,UFERSA,WORKFLOW_PRIVATE_SUBPAGE (estudantes-internacionais),https://www.gov.br/studyinbrazil/pt-br/instituicoes_brasileiras/regiao_nordeste/rio_grande_do_norte/ufersa/estudantes-internacionais,SUCCESS,Subpágina estudantes-internacionais mantida/definida como privada
2026-08-19T10:39:47.326094,UFRN,HOME,https://www.gov.br/studyinbrazil/pt-br/instituicoes_brasileiras/regiao_nordeste/rio_grande_do_norte/ufrn,SUCCESS,Home criada/atualizada com sucesso
2026-08-19T10:39:48.118368,UFRN,WORKFLOW_PRIVATE_HOME,https://www.gov.br/studyinbrazil/pt-br/instituicoes_brasileiras/regiao_nordeste/rio_grande_do_norte/ufrn,SUCCESS,Home mantida/definida como privada
2026-08-19T10:39:48.422799,UFRN,SUBPAGE (sobre-nos),https://www.gov.br/studyinbrazil/pt-br/instituicoes_brasileiras/regiao_nordeste/rio_grande_do_norte/ufrn/sobre-nos,SUCCESS,Subpágina sobre-nos criada/atualizada com sucesso
2026-08-19T10:39:49.001766,UFRN,WORKFLOW_PRIVATE_SUBPAGE (sobre-nos),https://www.gov.br/studyinbrazil/pt-br/instituicoes_brasileiras/regiao_nordeste/rio_grande_do_norte/ufrn/sobre-nos,SUCCESS,Subpágina sobre-nos mantida/definida como privada
2026-08-19T10:39:50.779255,UFRN,SUBPAGE (vida_na_ies),https://www.gov.br/studyinbrazil/pt-br/instituicoes_brasileiras/regiao_nordeste/rio_grande_do_norte/ufrn/vida_na_ies,SUCCESS,Subpágina vida_na_ies criada/atualizada com sucesso
2026-08-19T10:39:50.913228,UFRN,WORKFLOW_PRIVATE_SUBPAGE (vida_na_ies),https://www.gov.br/studyinbrazil/pt-br/instituicoes_brasileiras/regiao_nordeste/rio_grande_do_norte/ufrn/vida_na_ies,SUCCESS,Subpágina vida_na_ies mantida/definida como privada
2026-08-19T10:39:51.318833,UFRN,SUBPAGE (estudantes-internacionais),https://www.gov.br/studyinbrazil/pt-br/instituicoes_brasileiras/regiao_nordeste/rio_grande_do_norte/ufrn/estudantes-internacionais,SUCCESS,Subpágina estudantes-internacionais criada/atualizada com sucesso
2026-08-19T10:39:51.893907,UFRN,WORKFLOW_PRIVATE_SUBPAGE (estudantes-internacionais),https://www.gov.br/studyinbrazil/pt-br/instituicoes_brasileiras/regiao_nordeste/rio_grande_do_norte/ufrn/estudantes-internacionais,SUCCESS,Subpágina estudantes-internacionais mantida/definida como privada
2026-08-19T10:39:53.232630,FURG,HOME,https://www.gov.br/studyinbrazil/pt-br/instituicoes_brasileiras/regiao_sul/rio_grande_do_sul/furg,SUCCESS,Home criada/atualizada com sucesso
2026-08-19T10:39:54.060196,FURG,WORKFLOW_PRIVATE_HOME,https://www.gov.br/studyinbrazil/pt-br/instituicoes_brasileiras/regiao_sul/rio_grande_do_sul/furg,SUCCESS,Home mantida/definida como privada
2026-08-19T10:39:54.361707,FURG,SUBPAGE (sobre-nos),https://www.gov.br/studyinbrazil/pt-br/instituicoes_brasileiras/regiao_sul/rio_grande_do_sul/furg/sobre-nos,SUCCESS,Subpágina sobre-nos criada/atualizada com sucesso
2026-08-19T10:39:55.117132,FURG,WORKFLOW_PRIVATE_SUBPAGE (sobre-nos),https://www.gov.br/studyinbrazil/pt-br/instituicoes_brasileiras/regiao_sul/rio_grande_do_sul/furg/sobre-nos,SUCCESS,Subpágina sobre-nos mantida/definida como privada
2026-08-19T10:39:56.410383,FURG,SUBPAGE (vida_na_ies),https://www.gov.br/studyinbrazil/pt-br/instituicoes_brasileiras/regiao_sul/rio_grande_do_sul/furg/vida_na_ies,SUCCESS,Subpágina vida_na_ies criada/atualizada com sucesso
2026-08-19T10:39:56.494682,FURG,WORKFLOW_PRIVATE_SUBPAGE (vida_na_ies),https://www.gov.br/studyinbrazil/pt-br/instituicoes_brasileiras/regiao_sul/rio_grande_do_sul/furg/vida_na_ies,SUCCESS,Subpágina vida_na_ies mantida/definida como privada
2026-08-19T10:39:56.882202,FURG,SUBPAGE (estudantes-internacionais),https://www.gov.br/studyinbrazil/pt-br/instituicoes_brasileiras/regiao_sul/rio_grande_do_sul/furg/estudantes-internacionais,SUCCESS,Subpágina estudantes-internacionais criada/atualizada com sucesso
2026-08-19T10:39:57.412117,FURG,WORKFLOW_PRIVATE_SUBPAGE (estudantes-internacionais),https://www.gov.br/studyinbrazil/pt-br/instituicoes_brasileiras/regiao_sul/rio_grande_do_sul/furg/estudantes-internacionais,SUCCESS,Subpágina estudantes-internacionais mantida/definida como privada
2026-08-19T10:39:58.733145,UFCSPA,HOME,https://www.gov.br/studyinbrazil/pt-br/instituicoes_brasileiras/regiao_sul/rio_grande_do_sul/ufcspa,SUCCESS,Home criada/atualizada com sucesso
2026-08-19T10:39:59.508763,UFCSPA,WORKFLOW_PRIVATE_HOME,https://www.gov.br/studyinbrazil/pt-br/instituicoes_brasileiras/regiao_sul/rio_grande_do_sul/ufcspa,SUCCESS,Home mantida/definida como privada
2026-08-19T10:39:59.793847,UFCSPA,SUBPAGE (sobre-nos),https://www.gov.br/studyinbrazil/pt-br/instituicoes_brasileiras/regiao_sul/rio_grande_do_sul/ufcspa/sobre-nos,SUCCESS,Subpágina sobre-nos criada/atualizada com sucesso
2026-08-19T10:40:00.371765,UFCSPA,WORKFLOW_PRIVATE_SUBPAGE (sobre-nos),https://www.gov.br/studyinbrazil/pt-br/instituicoes_brasileiras/regiao_sul/rio_grande_do_sul/ufcspa/sobre-nos,SUCCESS,Subpágina sobre-nos mantida/definida como privada
2026-08-19T10:40:01.593155,UFCSPA,SUBPAGE (vida_na_ies),https://www.gov.br/studyinbrazil/pt-br/instituicoes_brasileiras/regiao_sul/rio_grande_do_sul/ufcspa/vida_na_ies,SUCCESS,Subpágina vida_na_ies criada/atualizada com sucesso
2026-08-19T10:40:01.683697,UFCSPA,WORKFLOW_PRIVATE_SUBPAGE (vida_na_ies),https://www.gov.br/studyinbrazil/pt-br/instituicoes_brasileiras/regiao_sul/rio_grande_do_sul/ufcspa/vida_na_ies,SUCCESS,Subpágina vida_na_ies mantida/definida como privada
2026-08-19T10:40:01.880397,UFCSPA,SUBPAGE (estudantes-internacionais),https://www.gov.br/studyinbrazil/pt-br/instituicoes_brasileiras/regiao_sul/rio_grande_do_sul/ufcspa/estudantes-internacionais,SUCCESS,Subpágina estudantes-internacionais criada/atualizada com sucesso
2026-08-19T10:40:02.417379,UFCSPA,WORKFLOW_PRIVATE_SUBPAGE (estudantes-internacionais),https://www.gov.br/studyinbrazil/pt-br/instituicoes_brasileiras/regiao_sul/rio_grande_do_sul/ufcspa/estudantes-internacionais,SUCCESS,Subpágina estudantes-internacionais mantida/definida como privada
2026-08-19T10:40:03.803301,UFPel,HOME,https://www.gov.br/studyinbrazil/pt-br/instituicoes_brasileiras/regiao_sul/rio_grande_do_sul/ufpel,SUCCESS,Home criada/atualizada com sucesso
2026-08-19T10:40:04.465068,UFPel,WORKFLOW_PRIVATE_HOME,https://www.gov.br/studyinbrazil/pt-br/instituicoes_brasileiras/regiao_sul/rio_grande_do_sul/ufpel,SUCCESS,Home mantida/definida como privada
2026-08-19T10:40:04.671074,UFPel,SUBPAGE (sobre-nos),https://www.gov.br/studyinbrazil/pt-br/instituicoes_brasileiras/regiao_sul/rio_grande_do_sul/ufpel/sobre-nos,SUCCESS,Subpágina sobre-nos criada/atualizada com sucesso
2026-08-19T10:40:05.156183,UFPel,WORKFLOW_PRIVATE_SUBPAGE (sobre-nos),https://www.gov.br/studyinbrazil/pt-br/instituicoes_brasileiras/regiao_sul/rio_grande_do_sul/ufpel/sobre-nos,SUCCESS,Subpágina sobre-nos mantida/definida como privada
2026-08-19T10:40:07.141733,UFPel,SUBPAGE (vida_na_ies),https://www.gov.br/studyinbrazil/pt-br/instituicoes_brasileiras/regiao_sul/rio_grande_do_sul/ufpel/vida_na_ies,SUCCESS,Subpágina vida_na_ies criada/atualizada com sucesso
2026-08-19T10:40:07.214665,UFPel,WORKFLOW_PRIVATE_SUBPAGE (vida_na_ies),https://www.gov.br/studyinbrazil/pt-br/instituicoes_brasileiras/regiao_sul/rio_grande_do_sul/ufpel/vida_na_ies,SUCCESS,Subpágina vida_na_ies mantida/definida como privada
2026-08-19T10:40:07.421077,UFPel,SUBPAGE (estudantes-internacionais),https://www.gov.br/studyinbrazil/pt-br/instituicoes_brasileiras/regiao_sul/rio_grande_do_sul/ufpel/estudantes-internacionais,SUCCESS,Subpágina estudantes-internacionais criada/atualizada com sucesso
2026-08-19T10:40:08.003547,UFPel,WORKFLOW_PRIVATE_SUBPAGE (estudantes-internacionais),https://www.gov.br/studyinbrazil/pt-br/instituicoes_brasileiras/regiao_sul/rio_grande_do_sul/ufpel/estudantes-internacionais,SUCCESS,Subpágina estudantes-internacionais mantida/definida como privada
2026-08-19T10:40:09.232391,UFRGS,HOME,https://www.gov.br/studyinbrazil/pt-br/instituicoes_brasileiras/regiao_sul/rio_grande_do_sul/ufrgs,SUCCESS,Home criada/atualizada com sucesso
2026-08-19T10:40:09.859215,UFRGS,WORKFLOW_PRIVATE_HOME,https://www.gov.br/studyinbrazil/pt-br/instituicoes_brasileiras/regiao_sul/rio_grande_do_sul/ufrgs,SUCCESS,Home mantida/definida como privada
2026-08-19T10:40:10.071328,UFRGS,SUBPAGE (sobre-nos),https://www.gov.br/studyinbrazil/pt-br/instituicoes_brasileiras/regiao_sul/rio_grande_do_sul/ufrgs/sobre-nos,SUCCESS,Subpágina sobre-nos criada/atualizada com sucesso
2026-08-19T10:40:10.546771,UFRGS,WORKFLOW_PRIVATE_SUBPAGE (sobre-nos),https://www.gov.br/studyinbrazil/pt-br/instituicoes_brasileiras/regiao_sul/rio_grande_do_sul/ufrgs/sobre-nos,SUCCESS,Subpágina sobre-nos mantida/definida como privada
2026-08-19T10:40:11.594136,UFRGS,SUBPAGE (vida_na_ies),https://www.gov.br/studyinbrazil/pt-br/instituicoes_brasileiras/regiao_sul/rio_grande_do_sul/ufrgs/vida_na_ies,SUCCESS,Subpágina vida_na_ies criada/atualizada com sucesso
2026-08-19T10:40:11.703778,UFRGS,WORKFLOW_PRIVATE_SUBPAGE (vida_na_ies),https://www.gov.br/studyinbrazil/pt-br/instituicoes_brasileiras/regiao_sul/rio_grande_do_sul/ufrgs/vida_na_ies,SUCCESS,Subpágina vida_na_ies mantida/definida como privada
2026-08-19T10:40:11.903136,UFRGS,SUBPAGE (estudantes-internacionais),https://www.gov.br/studyinbrazil/pt-br/instituicoes_brasileiras/regiao_sul/rio_grande_do_sul/ufrgs/estudantes-internacionais,SUCCESS,Subpágina estudantes-internacionais criada/atualizada com sucesso
2026-08-19T10:40:12.369632,UFRGS,WORKFLOW_PRIVATE_SUBPAGE (estudantes-internacionais),https://www.gov.br/studyinbrazil/pt-br/instituicoes_brasileiras/regiao_sul/rio_grande_do_sul/ufrgs/estudantes-internacionais,SUCCESS,Subpágina estudantes-internacionais mantida/definida como privada
2026-08-19T10:40:13.497708,UFSM,HOME,https://www.gov.br/studyinbrazil/pt-br/instituicoes_brasileiras/regiao_sul/rio_grande_do_sul/ufsm,SUCCESS,Home criada/atualizada com sucesso
2026-08-19T10:40:14.283244,UFSM,WORKFLOW_PRIVATE_HOME,https://www.gov.br/studyinbrazil/pt-br/instituicoes_brasileiras/regiao_sul/rio_grande_do_sul/ufsm,SUCCESS,Home mantida/definida como privada
2026-08-19T10:40:14.463999,UFSM,SUBPAGE (sobre-nos),https://www.gov.br/studyinbrazil/pt-br/instituicoes_brasileiras/regiao_sul/rio_grande_do_sul/ufsm/sobre-nos,SUCCESS,Subpágina sobre-nos criada/atualizada com sucesso
2026-08-19T10:40:14.971170,UFSM,WORKFLOW_PRIVATE_SUBPAGE (sobre-nos),https://www.gov.br/studyinbrazil/pt-br/instituicoes_brasileiras/regiao_sul/rio_grande_do_sul/ufsm/sobre-nos,SUCCESS,Subpágina sobre-nos mantida/definida como privada
2026-08-19T10:40:16.729839,UFSM,SUBPAGE (vida_na_ies),https://www.gov.br/studyinbrazil/pt-br/instituicoes_brasileiras/regiao_sul/rio_grande_do_sul/ufsm/vida_na_ies,SUCCESS,Subpágina vida_na_ies criada/atualizada com sucesso
2026-08-19T10:40:16.859036,UFSM,WORKFLOW_PRIVATE_SUBPAGE (vida_na_ies),https://www.gov.br/studyinbrazil/pt-br/instituicoes_brasileiras/regiao_sul/rio_grande_do_sul/ufsm/vida_na_ies,SUCCESS,Subpágina vida_na_ies mantida/definida como privada
2026-08-19T10:40:17.060062,UFSM,SUBPAGE (estudantes-internacionais),https://www.gov.br/studyinbrazil/pt-br/instituicoes_brasileiras/regiao_sul/rio_grande_do_sul/ufsm/estudantes-internacionais,SUCCESS,Subpágina estudantes-internacionais criada/atualizada com sucesso
2026-08-19T10:40:17.500619,UFSM,WORKFLOW_PRIVATE_SUBPAGE (estudantes-internacionais),https://www.gov.br/studyinbrazil/pt-br/instituicoes_brasileiras/regiao_sul/rio_grande_do_sul/ufsm/estudantes-internacionais,SUCCESS,Subpágina estudantes-internacionais mantida/definida como privada
2026-08-19T10:40:18.902090,UNIPAMPA,HOME,https://www.gov.br/studyinbrazil/pt-br/instituicoes_brasileiras/regiao_sul/rio_grande_do_sul/unipampa,SUCCESS,Home criada/atualizada com sucesso
2026-08-19T10:40:19.663849,UNIPAMPA,WORKFLOW_PRIVATE_HOME,https://www.gov.br/studyinbrazil/pt-br/instituicoes_brasileiras/regiao_sul/rio_grande_do_sul/unipampa,SUCCESS,Home mantida/definida como privada
2026-08-19T10:40:19.922891,UNIPAMPA,SUBPAGE (sobre-nos),https://www.gov.br/studyinbrazil/pt-br/instituicoes_brasileiras/regiao_sul/rio_grande_do_sul/unipampa/sobre-nos,SUCCESS,Subpágina sobre-nos criada/atualizada com sucesso
2026-08-19T10:40:20.434622,UNIPAMPA,WORKFLOW_PRIVATE_SUBPAGE (sobre-nos),https://www.gov.br/studyinbrazil/pt-br/instituicoes_brasileiras/regiao_sul/rio_grande_do_sul/unipampa/sobre-nos,SUCCESS,Subpágina sobre-nos mantida/definida como privada
2026-08-19T10:40:21.637510,UNIPAMPA,SUBPAGE (vida_na_ies),https://www.gov.br/studyinbrazil/pt-br/instituicoes_brasileiras/regiao_sul/rio_grande_do_sul/unipampa/vida_na_ies,SUCCESS,Subpágina vida_na_ies criada/atualizada com sucesso
2026-08-19T10:40:21.729206,UNIPAMPA,WORKFLOW_PRIVATE_SUBPAGE (vida_na_ies),https://www.gov.br/studyinbrazil/pt-br/instituicoes_brasileiras/regiao_sul/rio_grande_do_sul/unipampa/vida_na_ies,SUCCESS,Subpágina vida_na_ies mantida/definida como privada
2026-08-19T10:40:21.984219,UNIPAMPA,SUBPAGE (estudantes-internacionais),https://www.gov.br/studyinbrazil/pt-br/instituicoes_brasileiras/regiao_sul/rio_grande_do_sul/unipampa/estudantes-internacionais,SUCCESS,Subpágina estudantes-internacionais criada/atualizada com sucesso
2026-08-19T10:40:22.425106,UNIPAMPA,WORKFLOW_PRIVATE_SUBPAGE (estudantes-internacionais),https://www.gov.br/studyinbrazil/pt-br/instituicoes_brasileiras/regiao_sul/rio_grande_do_sul/unipampa/estudantes-internacionais,SUCCESS,Subpágina estudantes-internacionais mantida/definida como privada
2026-08-19T10:40:23.656109,UNIR,HOME,https://www.gov.br/studyinbrazil/pt-br/instituicoes_brasileiras/regiao_norte/rondonia/unir,SUCCESS,Home criada/atualizada com sucesso
2026-08-19T10:40:24.377349,UNIR,WORKFLOW_PRIVATE_HOME,https://www.gov.br/studyinbrazil/pt-br/instituicoes_brasileiras/regiao_norte/rondonia/unir,SUCCESS,Home mantida/definida como privada
2026-08-19T10:40:24.698860,UNIR,SUBPAGE (sobre-nos),https://www.gov.br/studyinbrazil/pt-br/instituicoes_brasileiras/regiao_norte/rondonia/unir/sobre-nos,SUCCESS,Subpágina sobre-nos criada/atualizada com sucesso
2026-08-19T10:40:25.233619,UNIR,WORKFLOW_PRIVATE_SUBPAGE (sobre-nos),https://www.gov.br/studyinbrazil/pt-br/instituicoes_brasileiras/regiao_norte/rondonia/unir/sobre-nos,SUCCESS,Subpágina sobre-nos mantida/definida como privada
2026-08-19T10:40:26.484486,UNIR,SUBPAGE (vida_na_ies),https://www.gov.br/studyinbrazil/pt-br/instituicoes_brasileiras/regiao_norte/rondonia/unir/vida_na_ies,SUCCESS,Subpágina vida_na_ies criada/atualizada com sucesso
2026-08-19T10:40:26.560965,UNIR,WORKFLOW_PRIVATE_SUBPAGE (vida_na_ies),https://www.gov.br/studyinbrazil/pt-br/instituicoes_brasileiras/regiao_norte/rondonia/unir/vida_na_ies,SUCCESS,Subpágina vida_na_ies mantida/definida como privada
2026-08-19T10:40:26.816864,UNIR,SUBPAGE (estudantes-internacionais),https://www.gov.br/studyinbrazil/pt-br/instituicoes_brasileiras/regiao_norte/rondonia/unir/estudantes-internacionais,SUCCESS,Subpágina estudantes-internacionais criada/atualizada com sucesso
2026-08-19T10:40:27.395872,UNIR,WORKFLOW_PRIVATE_SUBPAGE (estudantes-internacionais),https://www.gov.br/studyinbrazil/pt-br/instituicoes_brasileiras/regiao_norte/rondonia/unir/estudantes-internacionais,SUCCESS,Subpágina estudantes-internacionais mantida/definida como privada
2026-08-19T10:40:28.585710,UFRR,HOME,https://www.gov.br/studyinbrazil/pt-br/instituicoes_brasileiras/regiao_norte/roraima/ufrr,SUCCESS,Home criada/atualizada com sucesso
2026-08-19T10:40:29.439366,UFRR,WORKFLOW_PRIVATE_HOME,https://www.gov.br/studyinbrazil/pt-br/instituicoes_brasileiras/regiao_norte/roraima/ufrr,SUCCESS,Home mantida/definida como privada
2026-08-19T10:40:29.639593,UFRR,SUBPAGE (sobre-nos),https://www.gov.br/studyinbrazil/pt-br/instituicoes_brasileiras/regiao_norte/roraima/ufrr/sobre-nos,SUCCESS,Subpágina sobre-nos criada/atualizada com sucesso
2026-08-19T10:40:30.222136,UFRR,WORKFLOW_PRIVATE_SUBPAGE (sobre-nos),https://www.gov.br/studyinbrazil/pt-br/instituicoes_brasileiras/regiao_norte/roraima/ufrr/sobre-nos,SUCCESS,Subpágina sobre-nos mantida/definida como privada
2026-08-19T10:40:32.562621,UFRR,SUBPAGE (vida_na_ies),https://www.gov.br/studyinbrazil/pt-br/instituicoes_brasileiras/regiao_norte/roraima/ufrr/vida_na_ies,SUCCESS,Subpágina vida_na_ies criada/atualizada com sucesso
2026-08-19T10:40:32.655387,UFRR,WORKFLOW_PRIVATE_SUBPAGE (vida_na_ies),https://www.gov.br/studyinbrazil/pt-br/instituicoes_brasileiras/regiao_norte/roraima/ufrr/vida_na_ies,SUCCESS,Subpágina vida_na_ies mantida/definida como privada
2026-08-19T10:40:33.054751,UFRR,SUBPAGE (estudantes-internacionais),https://www.gov.br/studyinbrazil/pt-br/instituicoes_brasileiras/regiao_norte/roraima/ufrr/estudantes-internacionais,SUCCESS,Subpágina estudantes-internacionais criada/atualizada com sucesso
2026-08-19T10:40:33.552389,UFRR,WORKFLOW_PRIVATE_SUBPAGE (estudantes-internacionais),https://www.gov.br/studyinbrazil/pt-br/instituicoes_brasileiras/regiao_norte/roraima/ufrr/estudantes-internacionais,SUCCESS,Subpágina estudantes-internacionais mantida/definida como privada
2026-08-19T10:40:35.122843,UFFS,HOME,https://www.gov.br/studyinbrazil/pt-br/instituicoes_brasileiras/regiao_sul/santa_catarina/uffs,SUCCESS,Home criada/atualizada com sucesso
2026-08-19T10:40:35.837642,UFFS,WORKFLOW_PRIVATE_HOME,https://www.gov.br/studyinbrazil/pt-br/instituicoes_brasileiras/regiao_sul/santa_catarina/uffs,SUCCESS,Home mantida/definida como privada
2026-08-19T10:40:36.105953,UFFS,SUBPAGE (sobre-nos),https://www.gov.br/studyinbrazil/pt-br/instituicoes_brasileiras/regiao_sul/santa_catarina/uffs/sobre-nos,SUCCESS,Subpágina sobre-nos criada/atualizada com sucesso
2026-08-19T10:40:36.641854,UFFS,WORKFLOW_PRIVATE_SUBPAGE (sobre-nos),https://www.gov.br/studyinbrazil/pt-br/instituicoes_brasileiras/regiao_sul/santa_catarina/uffs/sobre-nos,SUCCESS,Subpágina sobre-nos mantida/definida como privada
2026-08-19T10:40:38.551883,UFFS,SUBPAGE (vida_na_ies),https://www.gov.br/studyinbrazil/pt-br/instituicoes_brasileiras/regiao_sul/santa_catarina/uffs/vida_na_ies,SUCCESS,Subpágina vida_na_ies criada/atualizada com sucesso
2026-08-19T10:40:38.656053,UFFS,WORKFLOW_PRIVATE_SUBPAGE (vida_na_ies),https://www.gov.br/studyinbrazil/pt-br/instituicoes_brasileiras/regiao_sul/santa_catarina/uffs/vida_na_ies,SUCCESS,Subpágina vida_na_ies mantida/definida como privada
2026-08-19T10:40:38.835398,UFFS,SUBPAGE (estudantes-internacionais),https://www.gov.br/studyinbrazil/pt-br/instituicoes_brasileiras/regiao_sul/santa_catarina/uffs/estudantes-internacionais,SUCCESS,Subpágina estudantes-internacionais criada/atualizada com sucesso
2026-08-19T10:40:39.457147,UFFS,WORKFLOW_PRIVATE_SUBPAGE (estudantes-internacionais),https://www.gov.br/studyinbrazil/pt-br/instituicoes_brasileiras/regiao_sul/santa_catarina/uffs/estudantes-internacionais,SUCCESS,Subpágina estudantes-internacionais mantida/definida como privada
2026-08-19T10:40:40.757028,UFSC,HOME,https://www.gov.br/studyinbrazil/pt-br/instituicoes_brasileiras/regiao_sul/santa_catarina/ufsc,SUCCESS,Home criada/atualizada com sucesso
2026-08-19T10:40:41.502647,UFSC,WORKFLOW_PRIVATE_HOME,https://www.gov.br/studyinbrazil/pt-br/instituicoes_brasileiras/regiao_sul/santa_catarina/ufsc,SUCCESS,Home mantida/definida como privada
2026-08-19T10:40:41.709925,UFSC,SUBPAGE (sobre-nos),https://www.gov.br/studyinbrazil/pt-br/instituicoes_brasileiras/regiao_sul/santa_catarina/ufsc/sobre-nos,SUCCESS,Subpágina sobre-nos criada/atualizada com sucesso
2026-08-19T10:40:42.235640,UFSC,WORKFLOW_PRIVATE_SUBPAGE (sobre-nos),https://www.gov.br/studyinbrazil/pt-br/instituicoes_brasileiras/regiao_sul/santa_catarina/ufsc/sobre-nos,SUCCESS,Subpágina sobre-nos mantida/definida como privada
2026-08-19T10:40:44.117997,UFSC,SUBPAGE (vida_na_ies),https://www.gov.br/studyinbrazil/pt-br/instituicoes_brasileiras/regiao_sul/santa_catarina/ufsc/vida_na_ies,SUCCESS,Subpágina vida_na_ies criada/atualizada com sucesso
2026-08-19T10:40:44.197411,UFSC,WORKFLOW_PRIVATE_SUBPAGE (vida_na_ies),https://www.gov.br/studyinbrazil/pt-br/instituicoes_brasileiras/regiao_sul/santa_catarina/ufsc/vida_na_ies,SUCCESS,Subpágina vida_na_ies mantida/definida como privada
2026-08-19T10:40:44.484682,UFSC,SUBPAGE (estudantes-internacionais),https://www.gov.br/studyinbrazil/pt-br/instituicoes_brasileiras/regiao_sul/santa_catarina/ufsc/estudantes-internacionais,SUCCESS,Subpágina estudantes-internacionais criada/atualizada com sucesso
2026-08-19T10:40:45.030155,UFSC,WORKFLOW_PRIVATE_SUBPAGE (estudantes-internacionais),https://www.gov.br/studyinbrazil/pt-br/instituicoes_brasileiras/regiao_sul/santa_catarina/ufsc/estudantes-internacionais,SUCCESS,Subpágina estudantes-internacionais mantida/definida como privada
2026-08-19T10:40:45.030974,UFABC,ALL,https://www.gov.br/studyinbrazil/pt-br/instituicoes_brasileiras/regiao_sudeste/sao_paulo/ufabc,SKIPPED,Ignorada - IES ajustada/diagramada manualmente
2026-08-19T10:40:46.748381,UFSCar,HOME,https://www.gov.br/studyinbrazil/pt-br/instituicoes_brasileiras/regiao_sudeste/sao_paulo/ufscar,SUCCESS,Home criada/atualizada com sucesso
2026-08-19T10:40:46.835400,UFSCar,WORKFLOW_PRIVATE_HOME,https://www.gov.br/studyinbrazil/pt-br/instituicoes_brasileiras/regiao_sudeste/sao_paulo/ufscar,SUCCESS,Home mantida/definida como privada
2026-08-19T10:40:48.114080,UFSCar,SUBPAGE (sobre-nos),https://www.gov.br/studyinbrazil/pt-br/instituicoes_brasileiras/regiao_sudeste/sao_paulo/ufscar/sobre-nos,SUCCESS,Subpágina sobre-nos criada/atualizada com sucesso
2026-08-19T10:40:48.240683,UFSCar,WORKFLOW_PRIVATE_SUBPAGE (sobre-nos),https://www.gov.br/studyinbrazil/pt-br/instituicoes_brasileiras/regiao_sudeste/sao_paulo/ufscar/sobre-nos,SUCCESS,Subpágina sobre-nos mantida/definida como privada
2026-08-19T10:40:50.169565,UFSCar,SUBPAGE (vida_na_ies),https://www.gov.br/studyinbrazil/pt-br/instituicoes_brasileiras/regiao_sudeste/sao_paulo/ufscar/vida_na_ies,SUCCESS,Subpágina vida_na_ies criada/atualizada com sucesso
2026-08-19T10:40:50.254978,UFSCar,WORKFLOW_PRIVATE_SUBPAGE (vida_na_ies),https://www.gov.br/studyinbrazil/pt-br/instituicoes_brasileiras/regiao_sudeste/sao_paulo/ufscar/vida_na_ies,SUCCESS,Subpágina vida_na_ies mantida/definida como privada
2026-08-19T10:40:51.253443,UFSCar,SUBPAGE (estudantes-internacionais),https://www.gov.br/studyinbrazil/pt-br/instituicoes_brasileiras/regiao_sudeste/sao_paulo/ufscar/estudantes-internacionais,SUCCESS,Subpágina estudantes-internacionais criada/atualizada com sucesso
2026-08-19T10:40:51.335196,UFSCar,WORKFLOW_PRIVATE_SUBPAGE (estudantes-internacionais),https://www.gov.br/studyinbrazil/pt-br/instituicoes_brasileiras/regiao_sudeste/sao_paulo/ufscar/estudantes-internacionais,SUCCESS,Subpágina estudantes-internacionais mantida/definida como privada
2026-08-19T10:40:52.450223,UNIFESP,HOME,https://www.gov.br/studyinbrazil/pt-br/instituicoes_brasileiras/regiao_sudeste/sao_paulo/unifesp,SUCCESS,Home criada/atualizada com sucesso
2026-08-19T10:40:52.535541,UNIFESP,WORKFLOW_PRIVATE_HOME,https://www.gov.br/studyinbrazil/pt-br/instituicoes_brasileiras/regiao_sudeste/sao_paulo/unifesp,SUCCESS,Home mantida/definida como privada
2026-08-19T10:40:52.732866,UNIFESP,SUBPAGE (sobre-nos),https://www.gov.br/studyinbrazil/pt-br/instituicoes_brasileiras/regiao_sudeste/sao_paulo/unifesp/sobre-nos,SUCCESS,Subpágina sobre-nos criada/atualizada com sucesso
2026-08-19T10:40:53.256230,UNIFESP,WORKFLOW_PRIVATE_SUBPAGE (sobre-nos),https://www.gov.br/studyinbrazil/pt-br/instituicoes_brasileiras/regiao_sudeste/sao_paulo/unifesp/sobre-nos,SUCCESS,Subpágina sobre-nos mantida/definida como privada
2026-08-19T10:40:54.253713,UNIFESP,SUBPAGE (vida_na_ies),https://www.gov.br/studyinbrazil/pt-br/instituicoes_brasileiras/regiao_sudeste/sao_paulo/unifesp/vida_na_ies,SUCCESS,Subpágina vida_na_ies criada/atualizada com sucesso
2026-08-19T10:40:54.363777,UNIFESP,WORKFLOW_PRIVATE_SUBPAGE (vida_na_ies),https://www.gov.br/studyinbrazil/pt-br/instituicoes_brasileiras/regiao_sudeste/sao_paulo/unifesp/vida_na_ies,SUCCESS,Subpágina vida_na_ies mantida/definida como privada
2026-08-19T10:40:54.558875,UNIFESP,SUBPAGE (estudantes-internacionais),https://www.gov.br/studyinbrazil/pt-br/instituicoes_brasileiras/regiao_sudeste/sao_paulo/unifesp/estudantes-internacionais,SUCCESS,Subpágina estudantes-internacionais criada/atualizada com sucesso
2026-08-19T10:40:55.102517,UNIFESP,WORKFLOW_PRIVATE_SUBPAGE (estudantes-internacionais),https://www.gov.br/studyinbrazil/pt-br/instituicoes_brasileiras/regiao_sudeste/sao_paulo/unifesp/estudantes-internacionais,SUCCESS,Subpágina estudantes-internacionais mantida/definida como privada
2026-08-19T10:40:56.313213,UFS,HOME,https://www.gov.br/studyinbrazil/pt-br/instituicoes_brasileiras/regiao_nordeste/sergipe/ufs,SUCCESS,Home criada/atualizada com sucesso
2026-08-19T10:40:57.099905,UFS,WORKFLOW_PRIVATE_HOME,https://www.gov.br/studyinbrazil/pt-br/instituicoes_brasileiras/regiao_nordeste/sergipe/ufs,SUCCESS,Home mantida/definida como privada
2026-08-19T10:40:57.438805,UFS,SUBPAGE (sobre-nos),https://www.gov.br/studyinbrazil/pt-br/instituicoes_brasileiras/regiao_nordeste/sergipe/ufs/sobre-nos,SUCCESS,Subpágina sobre-nos criada/atualizada com sucesso
2026-08-19T10:40:58.016002,UFS,WORKFLOW_PRIVATE_SUBPAGE (sobre-nos),https://www.gov.br/studyinbrazil/pt-br/instituicoes_brasileiras/regiao_nordeste/sergipe/ufs/sobre-nos,SUCCESS,Subpágina sobre-nos mantida/definida como privada
2026-08-19T10:40:59.207072,UFS,SUBPAGE (vida_na_ies),https://www.gov.br/studyinbrazil/pt-br/instituicoes_brasileiras/regiao_nordeste/sergipe/ufs/vida_na_ies,SUCCESS,Subpágina vida_na_ies criada/atualizada com sucesso
2026-08-19T10:40:59.295329,UFS,WORKFLOW_PRIVATE_SUBPAGE (vida_na_ies),https://www.gov.br/studyinbrazil/pt-br/instituicoes_brasileiras/regiao_nordeste/sergipe/ufs/vida_na_ies,SUCCESS,Subpágina vida_na_ies mantida/definida como privada
2026-08-19T10:40:59.509938,UFS,SUBPAGE (estudantes-internacionais),https://www.gov.br/studyinbrazil/pt-br/instituicoes_brasileiras/regiao_nordeste/sergipe/ufs/estudantes-internacionais,SUCCESS,Subpágina estudantes-internacionais criada/atualizada com sucesso
2026-08-19T10:40:59.984792,UFS,WORKFLOW_PRIVATE_SUBPAGE (estudantes-internacionais),https://www.gov.br/studyinbrazil/pt-br/instituicoes_brasileiras/regiao_nordeste/sergipe/ufs/estudantes-internacionais,SUCCESS,Subpágina estudantes-internacionais mantida/definida como privada
2026-08-19T10:40:59.985549,UFNT,ALL,https://www.gov.br/studyinbrazil/pt-br/instituicoes_brasileiras/regiao_norte/tocantins/ufnt,SKIPPED,Ignorada - IES ajustada/diagramada manualmente
2026-08-19T10:41:01.236461,UFT,HOME,https://www.gov.br/studyinbrazil/pt-br/instituicoes_brasileiras/regiao_norte/tocantins/uft,SUCCESS,Home criada/atualizada com sucesso
2026-08-19T10:41:03.035911,UFT,WORKFLOW_PRIVATE_HOME,https://www.gov.br/studyinbrazil/pt-br/instituicoes_brasileiras/regiao_norte/tocantins/uft,SUCCESS,Home mantida/definida como privada
2026-08-19T10:41:03.239567,UFT,SUBPAGE (sobre-nos),https://www.gov.br/studyinbrazil/pt-br/instituicoes_brasileiras/regiao_norte/tocantins/uft/sobre-nos,SUCCESS,Subpágina sobre-nos criada/atualizada com sucesso
2026-08-19T10:41:04.370949,UFT,WORKFLOW_PRIVATE_SUBPAGE (sobre-nos),https://www.gov.br/studyinbrazil/pt-br/instituicoes_brasileiras/regiao_norte/tocantins/uft/sobre-nos,SUCCESS,Subpágina sobre-nos mantida/definida como privada
2026-08-19T10:41:06.261859,UFT,SUBPAGE (vida_na_ies),https://www.gov.br/studyinbrazil/pt-br/instituicoes_brasileiras/regiao_norte/tocantins/uft/vida_na_ies,SUCCESS,Subpágina vida_na_ies criada/atualizada com sucesso
2026-08-19T10:41:06.441048,UFT,WORKFLOW_PRIVATE_SUBPAGE (vida_na_ies),https://www.gov.br/studyinbrazil/pt-br/instituicoes_brasileiras/regiao_norte/tocantins/uft/vida_na_ies,SUCCESS,Subpágina vida_na_ies mantida/definida como privada
2026-08-19T10:41:06.637751,UFT,SUBPAGE (estudantes-internacionais),https://www.gov.br/studyinbrazil/pt-br/instituicoes_brasileiras/regiao_norte/tocantins/uft/estudantes-internacionais,SUCCESS,Subpágina estudantes-internacionais criada/atualizada com sucesso
2026-08-19T10:41:07.164957,UFT,WORKFLOW_PRIVATE_SUBPAGE (estudantes-internacionais),https://www.gov.br/studyinbrazil/pt-br/instituicoes_brasileiras/regiao_norte/tocantins/uft/estudantes-internacionais,SUCCESS,Subpágina estudantes-internacionais mantida/definida como privada
